SK_ID_CURR,AMT_INCOME_TOTAL,AMT_CREDIT,AMT_ANNUITY,AMT_GOODS_PRICE,REGION_POPULATION_RELATIVE,FLAG_MOBIL,FLAG_EMP_PHONE,FLAG_WORK_PHONE,FLAG_CONT_MOBILE,FLAG_PHONE,FLAG_EMAIL,CNT_FAM_MEMBERS,REGION_RATING_CLIENT,REGION_RATING_CLIENT_W_CITY,HOUR_APPR_PROCESS_START,REG_REGION_NOT_LIVE_REGION,REG_REGION_NOT_WORK_REGION,LIVE_REGION_NOT_WORK_REGION,REG_CITY_NOT_LIVE_CITY,REG_CITY_NOT_WORK_CITY,LIVE_CITY_NOT_WORK_CITY,EXT_SOURCE_2,EXT_SOURCE_3,TOTALAREA_MODE,OBS_30_CNT_SOCIAL_CIRCLE,DEF_30_CNT_SOCIAL_CIRCLE,OBS_60_CNT_SOCIAL_CIRCLE,DEF_60_CNT_SOCIAL_CIRCLE,FLAG_DOCUMENT_2,FLAG_DOCUMENT_3,FLAG_DOCUMENT_4,FLAG_DOCUMENT_5,FLAG_DOCUMENT_6,FLAG_DOCUMENT_7,FLAG_DOCUMENT_8,FLAG_DOCUMENT_9,FLAG_DOCUMENT_10,FLAG_DOCUMENT_11,FLAG_DOCUMENT_12,FLAG_DOCUMENT_13,FLAG_DOCUMENT_14,FLAG_DOCUMENT_15,FLAG_DOCUMENT_16,FLAG_DOCUMENT_17,FLAG_DOCUMENT_18,FLAG_DOCUMENT_19,FLAG_DOCUMENT_20,FLAG_DOCUMENT_21,AMT_REQ_CREDIT_BUREAU_HOUR,AMT_REQ_CREDIT_BUREAU_DAY,AMT_REQ_CREDIT_BUREAU_WEEK,AMT_REQ_CREDIT_BUREAU_MON,AMT_REQ_CREDIT_BUREAU_QRT,AMT_REQ_CREDIT_BUREAU_YEAR,AGE,EMPLOYMENT_DURATION,PUBLISH_DURATION,DAYS_REGISTRATION_YEARS,DAYS_LAST_PHONE_CHANGE_YEARS,NAME_CONTRACT_TYPE_Revolving_loans,CODE_GENDER_M,FLAG_OWN_CAR_Y,FLAG_OWN_REALTY_Y,CNT_CHILDREN_1,CNT_CHILDREN_2,CNT_CHILDREN_3,CNT_CHILDREN_4,CNT_CHILDREN_5_plus,NAME_TYPE_SUITE_Family,NAME_TYPE_SUITE_Other,NAME_TYPE_SUITE_Spouse_partner,NAME_TYPE_SUITE_Unaccompanied,NAME_INCOME_TYPE_Pensioner,NAME_INCOME_TYPE_State_servant,NAME_INCOME_TYPE_Working,NAME_EDUCATION_TYPE_Other,NAME_EDUCATION_TYPE_Secondary_secondary_special,NAME_FAMILY_STATUS_Married,NAME_FAMILY_STATUS_Separated,NAME_FAMILY_STATUS_Single_not_married,NAME_FAMILY_STATUS_Widow,NAME_HOUSING_TYPE_Municipal_apartment,NAME_HOUSING_TYPE_Other_housing_types,NAME_HOUSING_TYPE_With_parents,OCCUPATION_TYPE_Cleaning_staff,OCCUPATION_TYPE_Cooking_staff,OCCUPATION_TYPE_Core_staff,OCCUPATION_TYPE_Drivers,OCCUPATION_TYPE_High_skill_tech_staff,OCCUPATION_TYPE_Laborers,OCCUPATION_TYPE_Managers,OCCUPATION_TYPE_Medicine_staff,OCCUPATION_TYPE_Other_specialized,OCCUPATION_TYPE_Sales_staff,OCCUPATION_TYPE_Security_staff,WEEKDAY_APPR_PROCESS_START_MONDAY,WEEKDAY_APPR_PROCESS_START_SATURDAY,WEEKDAY_APPR_PROCESS_START_SUNDAY,WEEKDAY_APPR_PROCESS_START_THURSDAY,WEEKDAY_APPR_PROCESS_START_TUESDAY,WEEKDAY_APPR_PROCESS_START_WEDNESDAY,ORGANIZATION_TYPE_Batiment_gros_petit_oeuvre,ORGANIZATION_TYPE_Business_Entity,ORGANIZATION_TYPE_Education_Services,ORGANIZATION_TYPE_Finance,ORGANIZATION_TYPE_Industry,ORGANIZATION_TYPE_Medicine,ORGANIZATION_TYPE_Other,ORGANIZATION_TYPE_Public_Services,ORGANIZATION_TYPE_Real_Estate,ORGANIZATION_TYPE_Security,ORGANIZATION_TYPE_Self_employed,ORGANIZATION_TYPE_Services,ORGANIZATION_TYPE_Trade,ORGANIZATION_TYPE_Transport,EMERGENCYSTATE_MODE_Yes,DAYS_BIRTH,CODE_GENDER,ANNUITY_INCOME_PERC,BURO_CREDIT_ACTIVE_Active_MEAN
190405,144000.0,539100.0,27652.5,450000.0,0.025164,1,1,0,1,0,0,2.0,2,2,14,0,0,0,0,0,0,0.7015983448992061,0.2735646775174348,0.0684,11.0,0.0,11.0,0.0,0,1,0,0,0,0,0,0,0,0,0,0,0,0,0,0,0,0,0,0,0.0,0.0,0.0,0.0,0.0,5.0,32,13.0,8,2,3,0,0,0,1,0,0,0,0,0,1,0,0,0,0,0,1,0,1,1,0,0,0,0,0,0,0,0,0,0,0,1,0,0,0,0,0,0,0,0,0,0,1,0,0,0,0,0,1,0,0,0,0,0,0,0,0,0,-15524,1,0.1248,1.0
362579,202500.0,398160.0,22986.0,315000.0,0.018634,1,1,0,1,0,0,1.0,2,2,11,0,0,0,0,0,0,0.5896946580980504,0.7688075728291359,0.2546,0.0,0.0,0.0,0.0,0,1,0,0,0,0,0,0,0,0,0,0,0,0,0,0,0,0,0,0,0.0,0.0,0.0,0.0,0.0,6.0,54,9.0,9,28,0,0,1,1,1,0,0,0,0,0,0,0,0,1,0,0,1,0,1,0,0,1,0,1,0,0,0,0,0,0,0,1,0,0,0,0,0,1,0,0,0,0,0,0,1,0,0,0,0,0,0,0,0,0,0,0,0,0,-17673,1,0.149578947368421,0.3333333333333333
380023,157500.0,364896.0,26680.5,315000.0,0.00963,1,1,1,1,0,0,1.0,2,2,12,0,0,0,0,1,1,0.4628409641110558,0.4066174366275036,0.0684,0.0,0.0,0.0,0.0,0,1,0,0,0,0,0,0,0,0,0,0,0,0,0,0,0,0,0,0,0.0,0.0,0.0,0.0,0.0,0.0,41,3.0,11,20,1,0,1,1,1,0,0,0,0,0,0,0,0,1,0,0,1,0,1,0,0,1,0,0,0,0,0,0,0,0,0,1,0,0,0,0,0,0,0,0,0,1,0,0,0,0,0,0,0,1,0,0,0,0,0,0,0,0,-18497,1,0.27592,0.5
326451,130500.0,783927.0,32058.0,688500.0,0.010966,1,1,0,1,0,0,2.0,2,2,10,0,0,0,0,1,1,0.5780063465738817,0.7352209993926424,0.0684,0.0,0.0,0.0,0.0,0,0,0,0,0,0,0,0,0,0,0,0,0,0,0,0,0,0,0,0,0.0,0.0,0.0,0.0,0.0,1.0,46,1.0,1,11,2,0,0,0,1,0,0,0,0,0,0,0,0,1,0,0,1,0,1,1,0,0,0,0,0,0,0,0,0,0,0,0,1,0,0,0,0,0,0,0,1,0,0,0,1,0,0,0,0,0,0,0,0,0,0,0,0,0,-15067,1,0.138695652173913,0.3333333333333333
110747,157500.0,296280.0,15255.0,225000.0,0.01885,1,1,0,1,0,0,3.0,2,2,16,0,0,0,0,0,0,0.7067638851281262,0.6161216908872079,0.0423,5.0,0.0,5.0,0.0,0,1,0,0,0,0,0,0,0,0,0,0,0,0,0,0,0,0,0,0,0.0,0.0,0.0,0.0,0.0,2.0,27,5.0,7,6,2,0,0,0,1,1,0,0,0,0,0,0,0,1,0,0,1,0,1,0,0,0,0,0,0,0,0,0,0,0,0,1,0,0,0,0,0,0,0,0,0,0,1,0,1,0,0,0,0,0,0,0,0,0,0,0,0,0,-10161,1,0.0968571428571428,0.75
359382,207000.0,1132110.0,36648.0,945000.0,0.018634,1,1,0,1,1,0,2.0,2,2,11,0,0,0,0,0,0,0.7533106081237968,0.22009464485041,0.0795,1.0,0.0,0.0,0.0,0,1,0,0,0,0,0,0,0,0,0,0,0,0,0,0,0,0,0,0,0.0,0.0,0.0,0.0,0.0,2.0,45,2.0,0,5,3,0,0,0,1,0,0,0,0,0,0,0,0,1,0,0,1,0,1,1,0,0,0,0,0,0,0,0,1,0,0,0,0,0,0,0,0,1,0,0,0,0,0,0,0,0,0,0,0,0,0,0,0,0,1,0,0,0,-10326,0,0.1667636363636363,1.0
246384,112500.0,622413.0,31909.5,495000.0,0.019101,1,1,0,1,0,1,4.0,2,2,12,0,0,0,0,0,0,0.7362355655686614,0.3062022983135042,0.0684,4.0,1.0,4.0,1.0,0,1,0,0,0,0,0,0,0,0,0,0,0,0,0,0,0,0,0,0,0.0,0.0,0.0,0.0,0.0,0.0,38,1.0,13,12,7,0,0,1,1,0,1,0,0,0,0,0,0,1,0,0,1,0,1,1,0,0,0,0,0,0,0,0,0,0,0,1,0,0,0,0,0,0,0,0,1,0,0,0,0,0,0,1,0,0,0,0,0,0,0,0,0,0,-18796,1,0.3226,0.4
322497,135000.0,407520.0,25060.5,360000.0,0.019101,1,0,0,1,0,0,2.0,2,2,10,0,0,0,0,0,0,0.3749348823480329,0.3474182272002641,0.0684,0.0,0.0,0.0,0.0,0,0,0,0,1,0,0,0,0,0,0,0,0,0,0,0,0,0,0,0,0.0,0.0,0.0,0.0,3.0,0.0,56,4.0,11,5,0,0,0,0,1,0,0,0,0,0,0,0,0,1,1,0,0,0,1,1,0,0,0,0,0,0,0,0,0,0,0,1,0,0,0,0,0,0,0,0,0,1,0,0,1,0,0,0,0,0,0,0,0,0,0,0,0,0,-9960,1,0.0673392857142857,0.375
215711,180000.0,2013840.0,62640.0,1800000.0,0.00496,1,1,0,1,0,0,4.0,2,2,9,0,0,0,0,1,1,0.4234381260879361,0.5460231970049609,0.0684,0.0,0.0,0.0,0.0,0,1,0,0,0,0,0,0,0,0,0,0,0,0,0,0,0,0,0,0,0.0,0.0,0.0,0.0,0.0,1.0,38,2.0,13,21,3,0,1,1,1,0,1,0,0,0,0,0,0,1,0,1,0,0,1,1,0,0,0,0,0,0,0,0,0,1,0,0,0,0,0,0,0,0,0,0,1,0,0,0,0,0,0,0,0,1,0,0,0,0,0,0,0,0,-11580,1,0.23736,0.2857142857142857
154749,360000.0,790830.0,62613.0,675000.0,0.018801,1,1,0,1,0,1,2.0,2,2,8,0,0,0,0,0,0,0.4245863607855821,0.2807895743848605,0.2501,0.0,0.0,0.0,0.0,0,0,0,0,0,0,1,0,0,0,0,0,0,0,0,0,0,0,0,0,0.0,0.0,0.0,0.0,0.0,0.0,45,2.0,0,11,7,0,1,1,1,0,0,0,0,0,0,0,0,1,0,0,1,0,0,1,0,0,0,0,0,0,0,0,0,0,0,1,0,0,0,0,0,0,0,0,0,0,0,0,1,0,0,0,0,0,0,0,0,0,0,0,0,0,-13580,0,0.1644,0.375
267382,126000.0,312840.0,24844.5,247500.0,0.010147,1,1,0,1,0,1,2.0,2,2,12,0,0,0,0,0,0,0.6707981846470963,0.6626377922738201,0.0684,0.0,0.0,0.0,0.0,0,1,0,0,0,0,0,0,0,0,0,0,0,0,0,0,0,0,0,0,0.0,0.0,0.0,0.0,0.0,9.0,46,19.0,1,17,1,0,1,1,0,0,0,0,0,0,1,0,0,0,0,0,1,0,1,1,0,0,0,0,0,0,0,0,0,0,0,1,0,0,0,0,0,0,0,0,0,0,1,0,0,0,0,0,0,0,0,1,0,0,0,0,0,0,-8101,1,0.19895,1.0
407088,382500.0,457389.0,35527.5,391500.0,0.072508,1,1,0,1,1,0,2.0,1,1,12,0,0,0,0,0,0,0.7419031389301818,0.5460231970049609,0.166,0.0,0.0,0.0,0.0,0,0,0,0,0,0,1,0,0,0,0,0,0,0,0,0,0,0,0,0,0.0,0.0,0.0,0.0,1.0,2.0,43,5.0,12,22,5,0,1,1,1,1,0,0,0,0,0,0,0,1,0,0,0,0,1,0,0,1,0,0,0,0,0,0,0,0,0,1,0,0,0,0,0,0,0,0,0,0,1,0,1,0,0,0,0,0,0,0,0,0,0,0,0,0,-14464,0,0.1138363636363636,0.4285714285714285
236769,225000.0,270000.0,12987.0,270000.0,0.010006,1,0,0,1,1,0,2.0,2,1,10,0,0,0,0,0,0,0.6097130537499499,0.6594055320683344,0.0047,0.0,0.0,0.0,0.0,0,1,0,0,0,0,0,0,0,0,0,0,0,0,0,0,0,0,0,0,0.0,0.0,0.0,0.0,0.0,0.0,60,4.0,3,25,3,0,0,0,1,0,0,0,0,0,1,0,0,0,1,0,0,0,1,1,0,0,0,0,0,0,0,0,0,0,0,1,0,0,0,0,0,0,0,0,0,0,0,0,1,0,0,0,0,0,0,0,0,0,0,0,0,0,-10185,0,0.1235333333333333,0.4
246192,90000.0,794173.5,32904.0,697500.0,0.030755,1,1,0,1,0,0,2.0,2,2,15,0,0,0,0,0,0,0.0690396952850952,0.5460231970049609,0.0684,0.0,0.0,0.0,0.0,0,0,0,0,0,0,0,0,0,0,0,0,0,0,0,0,0,0,0,0,0.0,0.0,0.0,0.0,0.0,1.0,22,0.0,1,0,1,0,1,1,1,0,0,0,0,0,0,1,0,0,0,0,0,0,1,0,0,0,0,0,0,0,0,0,0,0,0,0,0,0,0,1,0,0,0,0,0,0,1,0,0,0,0,0,0,0,0,0,0,0,0,1,0,0,-15148,1,0.1225058823529411,0.2727272727272727
360020,90000.0,431280.0,20745.0,360000.0,0.031329,1,1,0,1,0,0,3.0,2,2,8,0,0,0,0,1,1,0.5637846091933203,0.5316861425197883,0.0684,2.0,0.0,2.0,0.0,0,1,0,0,0,0,0,0,0,0,0,0,0,0,0,0,0,0,0,0,0.0,0.0,0.0,0.0,0.0,2.0,49,11.0,4,24,5,0,0,0,1,1,0,0,0,0,0,0,0,1,0,0,1,0,1,1,0,0,0,0,0,0,0,0,0,0,0,0,1,0,0,0,0,1,0,0,0,0,0,0,0,0,0,0,0,0,1,0,0,0,0,0,0,0,-17077,1,0.09844,0.6666666666666666
305507,270000.0,1326352.5,42916.5,1138500.0,0.016612,1,1,0,1,0,0,2.0,2,2,11,0,0,0,0,0,0,0.5035061061419408,0.7557400501752248,0.0684,0.0,0.0,0.0,0.0,0,1,0,0,0,0,0,0,0,0,0,0,0,0,0,0,0,0,0,0,0.0,0.0,0.0,0.0,0.0,5.0,50,31.0,5,3,8,0,0,0,1,0,0,0,0,0,0,0,0,1,0,0,0,0,1,1,0,0,0,0,0,0,0,0,0,0,0,1,0,0,0,0,0,0,1,0,0,0,0,0,0,0,0,0,0,1,0,0,0,0,0,0,0,0,-10719,0,0.2291111111111111,0.0
435816,67500.0,67765.5,7074.0,58500.0,0.00712,1,1,0,1,0,0,2.0,2,2,12,0,0,0,0,1,1,0.5627732949894249,0.5460231970049609,0.0684,0.0,0.0,0.0,0.0,0,1,0,0,0,0,0,0,0,0,0,0,0,0,0,0,0,0,0,0,0.0,0.0,0.0,0.0,0.0,1.0,36,3.0,11,10,4,0,0,0,1,0,0,0,0,0,0,0,0,1,0,0,1,0,0,1,0,0,0,0,0,0,1,0,0,0,0,0,0,0,0,0,0,0,0,0,0,1,0,0,0,0,0,0,0,1,0,0,0,0,0,0,0,0,-9086,1,0.18645,0.0909090909090909
142273,81000.0,135000.0,6750.0,135000.0,0.003813,1,1,0,0,0,1,2.0,2,2,8,0,0,0,0,0,0,0.3885694835209086,0.4276573700350293,0.0754,0.0,0.0,0.0,0.0,0,0,0,0,0,0,0,0,0,0,0,0,0,0,0,0,0,0,0,0,0.0,0.0,0.0,0.0,2.0,1.0,36,11.0,13,2,4,1,0,1,1,0,0,0,0,0,0,0,0,1,0,0,1,0,0,1,0,0,0,0,0,0,0,0,0,0,0,0,0,0,0,0,0,0,0,0,1,0,0,0,0,0,0,0,0,0,0,0,0,1,0,0,0,0,-14019,1,0.1404285714285714,0.375
383410,180000.0,202500.0,20880.0,202500.0,0.019101,1,0,0,1,1,0,1.0,2,2,10,0,0,0,0,0,0,0.6164770284728609,0.6528965519806539,0.0809,0.0,0.0,0.0,0.0,0,0,0,0,1,0,0,0,0,0,0,0,0,0,0,0,0,0,0,0,0.0,0.0,0.0,0.0,0.0,2.0,63,4.0,15,2,2,0,0,0,1,0,0,0,0,0,0,0,0,1,1,0,0,0,0,0,0,0,1,0,0,0,0,0,0,0,0,1,0,0,0,0,0,0,0,0,0,0,0,0,1,0,0,0,0,0,0,0,0,0,0,0,0,0,-18019,0,0.1196086956521739,0.0
245992,225000.0,848745.0,37516.5,675000.0,0.025164,1,1,0,1,0,0,3.0,2,2,11,0,0,0,0,0,0,0.4372035092067365,0.8771942581973663,0.0684,8.0,0.0,8.0,0.0,0,1,0,0,0,0,0,0,0,0,0,0,0,0,0,0,0,0,0,0,0.0,0.0,0.0,0.0,0.0,1.0,44,20.0,12,19,0,0,1,1,1,1,0,0,0,0,0,0,0,1,0,0,1,0,1,1,0,0,0,0,0,0,0,0,1,0,0,0,0,0,0,0,0,0,0,0,0,1,0,0,0,0,0,0,0,0,1,0,0,0,0,0,0,0,-18923,1,0.1286428571428571,0.2727272727272727
101678,171000.0,675000.0,25578.0,675000.0,0.028663,1,1,0,1,0,0,2.0,2,2,9,0,0,0,0,0,0,0.2629528308516002,0.5954562029091491,0.0684,0.0,0.0,0.0,0.0,0,1,0,0,0,0,0,0,0,0,0,0,0,0,0,0,0,0,0,0,0.0,0.0,0.0,0.0,0.0,2.0,48,8.0,3,1,2,0,0,0,1,0,0,0,0,0,0,0,0,1,0,0,0,0,1,1,0,0,0,1,0,0,0,0,0,0,0,1,0,0,0,0,0,0,0,0,0,0,0,0,0,1,0,0,0,0,0,0,0,0,0,0,0,0,-14088,1,0.0894666666666666,0.4285714285714285
323994,202500.0,781920.0,34573.5,675000.0,0.009334,1,1,0,1,1,0,2.0,2,2,14,0,0,0,0,0,0,0.589318947123105,0.6092756673894402,0.05,0.0,0.0,0.0,0.0,0,1,0,0,0,0,0,0,0,0,0,0,0,0,0,0,0,0,0,0,0.0,0.0,0.0,0.0,1.0,1.0,50,22.0,5,6,0,0,0,0,1,0,0,0,0,0,0,0,0,1,0,0,1,0,1,1,0,0,0,0,0,0,0,0,0,0,0,0,0,0,1,0,0,0,0,0,0,0,0,0,0,0,0,0,1,0,0,0,0,0,0,0,0,0,-13894,1,0.1949459459459459,0.3333333333333333
135163,315000.0,450000.0,19066.5,450000.0,0.0066709999999999,1,0,0,1,1,0,2.0,2,2,13,0,0,0,0,0,0,0.6736505905305363,0.5549467685334323,0.0703,1.0,0.0,1.0,0.0,0,1,0,0,0,0,0,0,0,0,0,0,0,0,0,0,0,0,0,0,0.0,0.0,0.0,0.0,0.0,3.0,55,4.0,6,5,2,0,1,0,0,0,0,0,0,0,0,0,0,1,1,0,0,0,0,1,0,0,0,0,0,0,0,0,0,0,0,1,0,0,0,0,0,0,0,0,0,1,0,0,1,0,0,0,0,0,0,0,0,0,0,0,0,0,-9799,0,0.4377333333333333,0.6
299035,180000.0,490495.5,35014.5,454500.0,0.018801,1,1,0,1,0,0,3.0,2,2,7,0,0,0,0,0,0,0.5903029818845716,0.4382813743111921,0.0684,2.0,0.0,2.0,0.0,0,1,0,0,0,0,0,0,0,0,0,0,0,0,0,0,0,0,0,0,0.0,0.0,0.0,0.0,0.0,0.0,46,7.0,1,7,6,0,0,1,1,1,0,0,0,0,1,0,0,0,0,0,0,0,1,1,0,0,0,0,0,0,0,0,0,0,0,1,0,0,0,0,0,0,1,0,0,0,0,0,0,0,0,0,0,0,1,0,0,0,0,0,0,0,-22433,1,0.30826,0.0
269667,166500.0,1572750.0,48946.5,1350000.0,0.006233,1,1,0,1,0,0,2.0,2,2,12,0,0,0,0,0,0,0.7766105563597726,0.6347055309763198,0.0347,1.0,0.0,1.0,0.0,0,1,0,0,0,0,0,0,0,0,0,0,0,0,0,0,0,0,0,0,0.0,0.0,0.0,0.0,0.0,3.0,56,11.0,9,5,8,0,0,0,1,0,0,0,0,0,0,0,1,0,0,1,0,0,1,1,0,0,0,0,0,0,0,0,0,0,0,1,0,0,0,0,0,0,1,0,0,0,0,0,0,0,0,0,0,1,0,0,0,0,0,0,0,0,-21017,1,0.3508235294117647,0.0
414691,135000.0,877500.0,37309.5,877500.0,0.019101,1,1,0,1,0,0,3.0,2,2,11,0,0,0,0,0,0,0.2420567098677251,0.5460231970049609,0.0684,0.0,0.0,0.0,0.0,0,1,0,0,0,0,0,0,0,0,0,0,0,0,0,0,0,0,0,0,0.0,0.0,0.0,0.0,0.0,4.0,48,14.0,3,13,0,0,0,0,1,1,0,0,0,0,0,0,0,1,0,0,1,0,1,1,0,0,0,0,0,0,0,0,0,0,0,0,0,0,0,0,0,0,0,0,1,0,0,0,0,0,0,0,0,0,0,0,0,0,0,0,0,0,-12886,1,0.0444444444444444,0.375
126198,130500.0,446940.0,16182.0,292500.0,0.0096569999999999,1,1,0,1,0,0,1.0,2,2,17,0,0,0,0,0,0,0.3688869713616056,0.5460231970049609,0.0177,3.0,0.0,3.0,0.0,0,1,0,0,0,0,0,0,0,0,0,0,0,0,0,0,0,0,0,0,0.0,0.0,0.0,0.0,0.0,1.0,50,1.0,2,20,1,0,0,0,0,0,0,0,0,0,0,0,0,1,0,0,1,0,1,0,1,0,0,1,0,0,0,0,0,0,0,0,1,0,0,0,0,0,0,0,0,0,1,1,0,0,0,0,0,0,0,0,0,0,0,0,0,0,-13523,1,0.023955,0.4444444444444444
383401,112500.0,256500.0,12339.0,256500.0,0.026392,1,1,0,1,1,0,2.0,2,2,16,0,0,0,0,0,0,0.6268094675851126,0.746300213050371,0.0097,0.0,0.0,0.0,0.0,0,1,0,0,0,0,0,0,0,0,0,0,0,0,0,0,0,0,0,0,0.0,0.0,0.0,0.0,1.0,1.0,45,25.0,0,22,0,0,0,0,0,0,0,0,0,0,0,0,0,1,0,0,1,0,1,0,0,0,0,0,0,0,0,0,0,0,0,1,0,0,0,0,0,0,0,0,0,0,1,0,0,0,0,0,0,1,0,0,0,0,0,0,0,0,-16552,0,0.057375,0.5
206007,112500.0,315000.0,21051.0,315000.0,0.010276,1,1,1,1,1,0,2.0,2,2,13,0,0,0,0,0,0,0.7666076401598889,0.5406544504453575,0.0818,0.0,0.0,0.0,0.0,0,1,0,0,0,0,0,0,0,0,0,0,0,0,0,0,0,0,0,0,0.0,0.0,0.0,0.0,1.0,0.0,49,7.0,4,20,1,0,0,0,0,0,0,0,0,0,0,0,0,1,0,0,1,0,0,1,0,0,0,0,0,0,0,0,0,0,0,0,1,0,0,0,0,1,0,0,0,0,0,0,0,0,0,0,0,0,0,0,0,0,0,1,0,0,-8428,0,0.30105,1.0
423713,180000.0,206059.5,16074.0,166500.0,0.011703,1,1,0,1,0,1,4.0,2,2,10,0,0,0,0,0,0,0.6821351782293961,0.2636468134452008,0.0684,1.0,0.0,1.0,0.0,0,1,0,0,0,0,0,0,0,0,0,0,0,0,0,0,0,0,0,0,0.0,0.0,0.0,0.0,1.0,6.0,30,2.0,3,1,4,0,1,0,0,0,1,0,0,0,0,0,0,1,0,0,0,0,0,1,0,0,0,0,0,0,0,0,0,0,0,0,1,0,0,0,0,1,0,0,0,0,0,0,1,0,0,0,0,0,0,0,0,0,0,0,0,0,-14061,0,0.1582,0.5
302571,135000.0,318528.0,19615.5,252000.0,0.025164,1,0,0,1,1,0,2.0,2,2,12,0,0,0,0,0,0,0.0830424665919485,0.5460231970049609,0.1212,16.0,0.0,15.0,0.0,0,0,0,0,1,0,0,0,0,0,0,0,0,0,0,0,0,0,0,0,0.0,0.0,0.0,0.0,1.0,3.0,59,4.0,11,25,0,0,1,0,1,0,0,0,0,0,0,0,0,1,1,0,0,0,1,1,0,0,0,0,0,0,0,0,0,0,0,1,0,0,0,0,0,1,0,0,0,0,0,0,1,0,0,0,0,0,0,0,0,0,0,0,0,0,-16507,1,0.1639240506329114,0.0
205819,205650.0,1024740.0,52452.0,900000.0,0.016612,1,1,0,1,0,0,2.0,2,2,12,0,0,0,0,0,0,0.7756378571564279,0.6577838002083306,0.0548,1.0,1.0,1.0,1.0,0,0,0,1,0,0,0,0,0,0,0,0,0,0,0,0,0,0,0,0,0.0,0.0,1.0,0.0,3.0,1.0,55,19.0,6,23,2,0,1,0,1,0,0,0,0,0,0,0,1,0,0,0,1,0,1,1,0,0,0,0,0,0,0,0,0,0,0,0,0,0,1,0,0,0,0,0,0,1,0,0,1,0,0,0,0,0,0,0,0,0,0,0,0,0,-11148,0,0.15808,0.4
373299,180000.0,457312.5,33408.0,373500.0,0.005313,1,1,0,1,0,0,3.0,2,2,14,0,1,1,0,1,1,0.4781536858705854,0.1153866620073356,0.3103,3.0,0.0,3.0,0.0,0,1,0,0,0,0,0,0,0,0,0,0,0,0,0,0,0,0,0,0,0.0,0.0,0.0,0.0,1.0,3.0,39,1.0,11,11,2,0,1,0,1,1,0,0,0,0,0,0,0,1,0,0,1,0,1,1,0,0,0,0,0,0,0,0,0,0,0,1,0,0,0,0,0,0,0,0,0,0,0,0,0,0,0,0,0,1,0,0,0,0,0,0,0,0,-21889,1,0.12698,0.3333333333333333
226527,270000.0,454500.0,17262.0,454500.0,0.018634,1,1,0,1,0,0,2.0,2,2,16,0,0,0,0,0,0,0.6645195665002926,0.191821602413606,0.0684,0.0,0.0,0.0,0.0,0,1,0,0,0,0,0,0,0,0,0,0,0,0,0,0,0,0,0,0,0.0,0.0,0.0,0.0,0.0,3.0,59,5.0,12,17,5,0,0,0,1,0,0,0,0,0,0,0,0,1,0,0,1,0,1,1,0,0,0,0,0,0,0,1,0,0,0,0,0,0,0,0,0,0,0,0,0,0,0,0,0,1,0,0,0,0,0,0,0,0,0,0,0,0,-15001,0,0.4568857142857143,0.4444444444444444
297004,225000.0,538389.0,38416.5,477000.0,0.0116569999999999,1,1,1,1,1,0,1.0,1,1,15,0,1,1,0,1,1,0.6717005712783922,0.5460231970049609,0.0684,0.0,0.0,0.0,0.0,0,1,0,0,0,0,0,0,0,0,0,0,0,0,0,0,0,0,0,0,0.0,0.0,0.0,0.0,0.0,1.0,61,40.0,11,24,5,0,0,0,1,0,0,0,0,0,0,0,0,0,0,0,0,0,1,0,0,0,1,0,0,0,0,0,0,0,1,0,0,0,0,0,0,0,1,0,0,0,0,0,1,0,0,0,0,0,0,0,0,0,0,0,0,0,-17668,1,0.0616571428571428,0.25
258549,126000.0,163512.0,12915.0,135000.0,0.035792,1,1,1,1,0,0,1.0,2,2,10,0,0,0,1,1,0,0.6352558852046903,0.5460231970049609,0.0684,3.0,0.0,3.0,0.0,0,0,0,0,0,0,1,0,0,0,0,0,0,0,0,0,0,0,0,0,0.0,0.0,0.0,0.0,0.0,1.0,30,2.0,6,12,1,0,1,1,1,0,0,0,0,0,0,0,0,1,0,0,1,0,1,0,0,1,0,0,0,0,0,0,0,0,0,1,0,0,0,0,0,0,0,0,0,0,0,0,1,0,0,0,0,0,0,0,0,0,0,0,0,0,-8466,0,0.15553125,1.0
304182,180000.0,225000.0,21694.5,225000.0,0.02461,1,1,1,1,0,0,1.0,2,2,13,0,0,0,0,1,1,0.5700929885031776,0.6722428897082422,0.0806,0.0,0.0,0.0,0.0,0,0,0,0,0,0,0,0,0,0,0,0,0,0,0,0,0,0,0,0,0.0,0.0,0.0,0.0,0.0,0.0,28,0.0,7,1,1,0,1,1,0,0,0,0,0,0,1,0,0,0,0,0,1,1,0,0,0,1,0,0,0,1,0,0,0,0,0,0,0,0,0,1,0,0,0,0,0,1,0,0,1,0,0,0,0,0,0,0,0,0,0,0,0,0,-16062,1,0.2887391304347826,0.4
123809,247500.0,790830.0,44289.0,675000.0,0.00712,1,1,0,1,0,0,2.0,2,2,14,0,0,0,0,0,0,0.2518770396779223,0.5460231970049609,0.1626,6.0,0.0,6.0,0.0,0,1,0,0,0,0,0,0,0,0,0,0,0,0,0,0,0,0,0,0,0.0,0.0,0.0,0.0,1.0,5.0,31,9.0,9,14,5,0,1,0,1,0,0,0,0,0,0,0,0,1,0,0,0,0,1,1,0,0,0,0,0,0,0,0,0,0,0,0,0,0,0,0,1,0,1,0,0,0,0,0,1,0,0,0,0,0,0,0,0,0,0,0,0,0,-18380,0,0.1542545454545454,0.0
100090,135000.0,261621.0,16848.0,216000.0,0.008019,1,1,0,1,0,0,1.0,2,2,17,0,0,0,0,1,1,0.3937146969745023,0.4365064990977374,0.0684,0.0,0.0,0.0,0.0,0,1,0,0,0,0,0,0,0,0,0,0,0,0,0,0,0,0,0,0,0.0,0.0,0.0,0.0,0.0,5.0,42,9.0,10,21,3,0,0,0,1,0,0,0,0,0,0,0,0,1,0,0,1,0,1,0,0,0,1,0,0,0,0,0,0,0,0,1,0,0,0,0,0,0,0,0,0,0,0,0,0,0,0,0,0,0,0,0,0,1,0,0,0,0,-13700,1,0.1878571428571428,0.0
244456,144000.0,261621.0,20799.0,216000.0,0.00702,1,1,0,1,0,1,1.0,2,2,11,0,0,0,0,0,0,0.5337958257248783,0.5460231970049609,0.0574,0.0,0.0,0.0,0.0,0,1,0,0,0,0,0,0,0,0,0,0,0,0,0,0,0,0,0,0,0.0,0.0,0.0,0.0,0.0,2.0,35,1.0,11,9,1,0,0,0,1,0,0,0,0,0,0,0,0,1,0,0,1,0,1,0,0,1,0,0,0,0,0,0,0,0,0,1,0,0,0,0,0,1,0,0,0,0,0,0,1,0,0,0,0,0,0,0,0,0,0,0,0,0,-17639,0,0.2522333333333333,0.0
453566,67500.0,450000.0,43839.0,450000.0,0.0031219999999999,1,1,0,1,0,0,2.0,3,3,15,0,0,0,0,0,0,0.6513808080666557,0.5460231970049609,0.0684,0.0,0.0,0.0,0.0,0,1,0,0,0,0,0,0,0,0,0,0,0,0,0,0,0,0,0,0,0.0,0.0,0.0,0.0,0.0,1.0,23,4.0,1,1,1,0,0,0,0,0,0,0,0,0,0,0,0,1,0,0,1,0,1,1,0,0,0,0,0,0,0,0,0,0,1,0,0,0,0,0,0,1,0,0,0,0,0,0,0,0,0,0,0,0,0,0,0,1,0,0,0,0,-14141,1,0.0438,0.375
364662,135000.0,666000.0,29466.0,666000.0,0.015221,1,1,0,1,0,0,2.0,2,2,8,0,0,0,0,1,1,0.4845300412979521,0.7597121819739279,0.0684,3.0,0.0,3.0,0.0,0,1,0,0,0,0,0,0,0,0,0,0,0,0,0,0,0,0,0,0,0.0,0.0,0.0,0.0,0.0,5.0,54,8.0,9,32,5,0,1,0,1,0,0,0,0,0,0,0,0,1,0,0,1,0,1,1,0,0,0,0,0,0,0,0,0,0,0,0,0,0,0,0,1,0,0,0,1,0,0,0,0,0,0,0,0,0,1,0,0,0,0,0,0,0,-10186,0,0.1337840909090909,0.125
384847,135000.0,450000.0,24543.0,450000.0,0.035792,1,1,0,1,0,0,2.0,2,2,17,0,0,0,0,0,0,0.6297766079899384,0.5136937663039473,0.0684,6.0,0.0,6.0,0.0,0,1,0,0,0,0,0,0,0,0,0,0,0,0,0,0,0,0,0,0,0.0,0.0,0.0,0.0,2.0,3.0,33,3.0,8,6,2,0,0,0,0,0,0,0,0,0,0,0,0,1,0,0,0,0,1,1,0,0,0,0,1,0,0,0,0,0,0,1,0,0,0,0,0,0,0,0,0,0,0,0,0,0,0,0,0,0,0,0,0,0,0,0,0,0,-17145,1,0.3266666666666666,0.0
306972,135000.0,450000.0,24412.5,450000.0,0.008575,1,1,1,1,0,0,1.0,2,2,9,0,0,0,0,0,0,0.519295903999633,0.2263473957097693,0.0403,4.0,1.0,4.0,0.0,0,0,0,1,0,0,0,0,0,0,0,0,0,0,0,0,0,0,0,0,0.0,0.0,0.0,0.0,0.0,2.0,36,8.0,11,19,4,0,0,0,1,0,0,0,0,0,0,0,0,1,0,0,1,0,1,0,0,1,0,0,0,0,0,0,0,0,0,1,0,0,0,0,0,0,0,0,1,0,0,0,0,0,0,0,0,0,0,0,0,1,0,0,0,0,-9666,1,0.30504,0.3636363636363636
234502,112500.0,1066320.0,38299.5,900000.0,0.020246,1,1,1,1,0,1,2.0,3,3,11,0,0,0,0,0,0,0.4792996552216114,0.2622489709189549,0.0684,2.0,0.0,2.0,0.0,0,1,0,0,0,0,0,0,0,0,0,0,0,0,0,0,0,0,0,0,0.0,0.0,0.0,0.0,1.0,2.0,46,12.0,1,21,7,0,0,0,0,0,0,0,0,0,0,0,0,1,0,0,1,0,0,1,0,0,0,0,0,0,0,0,1,0,0,0,0,0,0,0,0,0,0,0,1,0,0,0,0,1,0,0,0,0,0,0,0,0,0,0,0,0,-19192,0,0.1688,0.375
229930,112500.0,337500.0,11655.0,337500.0,0.019101,1,1,0,1,0,0,2.0,2,2,17,0,0,0,0,1,1,0.5665200042056079,0.6397075677637197,0.0684,0.0,0.0,0.0,0.0,0,1,0,0,0,0,0,0,0,0,0,0,0,0,0,0,0,0,0,0,0.0,0.0,0.0,0.0,0.0,2.0,48,28.0,2,5,2,0,0,0,0,0,0,0,0,0,0,0,0,1,0,0,0,0,0,1,0,0,0,0,0,0,0,0,1,0,0,0,0,0,0,0,0,0,0,0,0,0,0,0,0,0,1,0,0,0,0,0,0,0,0,0,0,0,-21208,1,0.1347411764705882,0.375
242897,180000.0,630000.0,30438.0,630000.0,0.009549,1,1,0,1,1,0,3.0,2,2,15,0,0,0,0,0,0,0.7753256536397042,0.6512602186973006,0.0273,0.0,0.0,0.0,0.0,0,1,0,0,0,0,0,0,0,0,0,0,0,0,0,0,0,0,0,0,0.0,0.0,0.0,0.0,1.0,3.0,43,5.0,17,5,4,0,1,0,0,1,0,0,0,0,0,0,0,1,0,0,1,0,1,1,0,0,0,0,0,0,0,0,0,1,0,0,0,0,0,0,0,0,1,0,0,0,0,0,1,0,0,0,0,0,0,0,0,0,0,0,0,0,-10787,1,0.1727111111111111,0.2857142857142857
235980,112500.0,675000.0,28597.5,675000.0,0.010966,1,1,1,1,0,0,2.0,2,2,10,0,0,0,0,0,0,0.4534335347007456,0.5513812618027899,0.048,4.0,1.0,4.0,0.0,0,1,0,0,0,0,0,0,0,0,0,0,0,0,0,0,0,0,0,0,0.0,0.0,0.0,0.0,2.0,3.0,32,1.0,4,13,2,0,0,0,1,0,0,0,0,0,1,0,0,0,0,0,1,0,0,1,0,0,0,0,0,0,0,0,0,0,1,0,0,0,0,0,0,0,0,0,0,1,0,1,0,0,0,0,0,0,0,0,0,0,0,0,0,0,-14978,1,0.2102777777777777,0.0
353011,99000.0,182448.0,16861.5,157500.0,0.04622,1,1,0,1,0,0,2.0,1,1,10,0,0,0,0,0,0,0.7076287543105753,0.5762088360175724,0.1077,2.0,0.0,2.0,0.0,0,1,0,0,0,0,0,0,0,0,0,0,0,0,0,0,0,0,0,0,0.0,0.0,0.0,0.0,0.0,1.0,55,3.0,9,20,5,0,1,0,1,0,0,0,0,0,0,0,0,1,0,0,1,0,0,1,0,0,0,0,0,0,0,0,0,0,0,0,0,0,0,0,1,0,0,0,1,0,0,0,0,0,0,0,0,1,0,0,0,0,0,0,0,0,-16153,0,0.1468,0.0
281453,103500.0,225000.0,23184.0,225000.0,0.028663,1,0,0,1,0,0,2.0,2,2,10,0,0,0,0,0,0,0.6107116981581906,0.6848276586890367,0.0684,0.0,0.0,0.0,0.0,0,0,0,0,1,0,0,0,0,0,0,0,0,0,0,0,0,0,0,0,0.0,0.0,0.0,0.0,1.0,6.0,65,4.0,12,1,5,0,0,0,1,0,0,0,0,0,0,0,0,1,1,0,0,0,1,1,0,0,0,0,0,0,0,0,0,0,0,1,0,0,0,0,0,0,0,0,0,0,0,0,1,0,0,0,0,0,0,0,0,0,0,0,0,0,-14227,0,0.2991578947368421,0.1666666666666666
308325,180000.0,729792.0,37390.5,630000.0,0.0031219999999999,1,1,0,1,0,0,2.0,3,3,15,0,0,0,0,0,0,0.733987292372629,0.5814837058057234,0.0684,2.0,0.0,2.0,0.0,0,1,0,0,0,0,0,0,0,0,0,0,0,0,0,0,0,0,0,0,0.0,0.0,0.0,0.0,1.0,3.0,30,6.0,10,5,5,0,1,1,0,0,0,0,0,0,0,0,0,1,0,0,0,0,1,1,0,0,0,0,0,0,0,0,0,1,0,0,0,0,0,0,0,1,0,0,0,0,0,0,1,0,0,0,0,0,0,0,0,0,0,0,0,0,-13768,0,0.1786571428571428,0.5
430927,270000.0,180000.0,18441.0,180000.0,0.032561,1,1,0,1,1,0,2.0,1,1,12,0,0,0,0,0,0,0.7553045122287085,0.6817058776720116,0.0684,0.0,0.0,0.0,0.0,0,1,0,0,0,0,0,0,0,0,0,0,0,0,0,0,0,0,0,0,0.0,0.0,0.0,0.0,0.0,3.0,50,17.0,5,24,5,0,0,0,1,0,0,0,0,0,0,0,0,1,0,0,1,0,0,1,0,0,0,0,0,0,0,0,0,0,0,0,0,0,0,0,0,0,0,0,0,1,0,0,1,0,0,0,0,0,0,0,0,0,0,0,0,0,-17875,1,0.12305,0.0
321807,202500.0,361021.5,33241.5,328500.0,0.035792,1,1,0,1,0,0,3.0,2,2,13,0,0,0,0,0,0,0.7370373750136734,0.3807996826489149,0.0474,1.0,0.0,1.0,0.0,0,1,0,0,0,0,0,0,0,0,0,0,0,0,0,0,0,0,0,0,0.0,0.0,0.0,0.0,0.0,2.0,45,4.0,0,20,2,0,1,1,1,1,0,0,0,0,0,0,0,1,0,0,0,0,1,1,0,0,0,1,0,0,0,0,0,1,0,0,0,0,0,0,0,0,0,1,0,0,0,0,0,0,0,0,0,0,0,0,0,0,0,0,1,0,-12949,1,0.1221669980119284,0.5
296527,202500.0,1107900.0,35739.0,900000.0,0.020713,1,1,0,1,1,0,2.0,3,2,14,0,0,0,0,0,0,0.7517508979169762,0.6894791426446275,0.1214,3.0,0.0,3.0,0.0,0,1,0,0,0,0,0,0,0,0,0,0,0,0,0,0,0,0,0,0,0.0,0.0,0.0,0.0,1.0,1.0,31,7.0,11,14,2,0,0,0,0,0,0,0,0,0,1,0,0,0,0,1,0,0,0,1,0,0,0,0,0,0,0,0,0,0,0,0,0,0,0,0,0,0,0,1,0,0,0,0,0,0,0,0,0,0,0,1,0,0,0,0,0,0,-16413,1,0.2377727272727272,0.0
187895,180000.0,790830.0,57676.5,675000.0,0.020246,1,1,0,1,0,1,4.0,3,3,13,0,0,0,0,0,0,0.4043279018002756,0.7476633896301825,0.0684,5.0,0.0,5.0,0.0,0,1,0,0,0,0,0,0,0,0,0,0,0,0,0,0,0,0,0,0,0.0,0.0,0.0,0.0,0.0,0.0,41,3.0,16,6,0,0,0,1,1,0,1,0,0,0,1,0,0,0,0,0,1,0,1,1,0,0,0,0,0,0,0,0,1,0,0,0,0,0,0,0,0,0,0,0,0,0,0,0,0,0,0,0,0,0,0,0,0,1,0,0,0,0,-20917,1,0.2788,0.375
327726,157500.0,114682.5,11880.0,99000.0,0.006629,1,1,0,1,0,0,3.0,2,2,7,0,0,0,0,0,0,0.3677981720716989,0.5954562029091491,0.0684,4.0,0.0,4.0,0.0,0,1,0,0,0,0,0,0,0,0,0,0,0,0,0,0,0,0,0,0,0.0,0.0,0.0,0.0,0.0,2.0,40,4.0,5,14,0,0,0,0,1,1,0,0,0,0,0,0,0,1,0,1,0,0,0,1,0,0,0,0,0,0,0,0,1,0,0,0,0,0,0,0,0,0,0,0,0,0,0,0,0,0,1,0,0,0,0,0,0,0,0,0,0,0,-16200,1,0.1395384615384615,0.25
252189,202500.0,360000.0,23134.5,360000.0,0.018209,1,1,0,1,1,0,2.0,3,3,9,0,0,0,0,0,0,0.3611072890083497,0.5460231970049609,0.0665,0.0,0.0,0.0,0.0,0,1,0,0,0,0,0,0,0,0,0,0,0,0,0,0,0,0,0,0,0.0,0.0,0.0,0.0,0.0,1.0,45,8.0,0,18,5,0,1,1,1,0,0,0,0,0,0,0,0,1,0,0,0,0,1,1,0,0,0,0,0,0,0,0,0,1,0,0,0,0,0,0,0,0,0,0,0,0,1,0,0,0,0,0,0,0,0,0,0,1,0,0,0,0,-18361,1,0.0824761904761904,0.2727272727272727
214593,135000.0,1325475.0,56290.5,1125000.0,0.01885,1,0,0,1,0,1,2.0,2,2,12,0,0,0,0,0,0,0.6173504187595154,0.2837118826350007,0.214,2.0,0.0,2.0,0.0,0,0,0,0,1,0,0,0,0,0,0,0,0,0,0,0,0,0,0,0,0.0,0.0,0.0,0.0,0.0,0.0,60,4.0,14,11,3,0,0,0,1,0,0,0,0,0,0,0,0,1,1,0,0,0,0,1,0,0,0,0,0,0,0,0,0,0,0,1,0,0,0,0,0,0,0,0,0,1,0,0,1,0,0,0,0,0,0,0,0,0,0,0,0,0,-20642,0,0.0442526315789473,1.0
326475,40500.0,252000.0,16249.5,252000.0,0.018209,1,0,0,1,0,0,2.0,3,3,7,0,0,0,0,0,0,0.1037836244103176,0.5460231970049609,0.0684,3.0,0.0,3.0,0.0,0,1,0,0,0,0,0,0,0,0,0,0,0,0,0,0,0,0,0,0,0.0,0.0,0.0,0.0,0.0,1.0,57,4.0,11,30,0,0,0,0,1,0,0,0,0,0,1,0,0,0,1,0,0,0,1,1,0,0,0,0,0,0,0,0,0,0,0,1,0,0,0,0,0,0,0,0,1,0,0,0,1,0,0,0,0,0,0,0,0,0,0,0,0,0,-13186,1,0.6735,0.375
251465,202500.0,397332.0,31522.5,351000.0,0.019101,1,1,0,1,0,0,1.0,2,2,12,0,0,0,0,0,0,0.6634950416269465,0.3774042489507649,0.0684,0.0,0.0,0.0,0.0,0,1,0,0,0,0,0,0,0,0,0,0,0,0,0,0,0,0,0,0,0.0,0.0,0.0,0.0,0.0,3.0,22,2.0,2,3,2,0,1,0,1,0,0,0,0,0,0,0,0,1,0,1,0,0,0,0,0,1,0,0,1,0,0,0,0,0,1,0,0,0,0,0,0,1,0,0,0,0,0,0,0,0,0,0,0,0,1,0,0,0,0,0,0,0,-21076,1,0.101425,0.6
381171,225000.0,180000.0,9000.0,180000.0,0.019101,1,1,0,1,0,1,3.0,2,2,13,0,0,0,1,1,0,0.638709500551109,0.4848514754962666,0.0684,3.0,1.0,3.0,1.0,0,0,0,0,0,0,0,0,0,0,0,0,0,0,0,0,0,0,0,0,0.0,0.0,0.0,0.0,1.0,1.0,38,2.0,2,17,1,1,0,0,1,1,0,0,0,0,0,0,1,0,0,0,0,0,1,1,0,0,0,0,0,0,0,0,0,0,0,1,0,0,0,0,0,0,0,0,0,0,1,0,1,0,0,0,0,0,0,0,0,0,0,0,0,0,-9368,1,0.35888,0.5
228835,360000.0,331920.0,17077.5,225000.0,0.04622,1,1,0,1,0,1,3.0,1,1,15,0,1,1,0,0,0,0.3901188236574941,0.5460231970049609,0.0684,3.0,1.0,3.0,0.0,0,0,0,0,0,0,1,0,0,0,0,0,0,0,0,0,0,0,0,0,0.0,0.0,0.0,0.0,0.0,0.0,47,2.0,1,17,0,0,1,1,1,1,0,0,0,0,0,0,0,1,0,0,1,0,0,1,0,0,0,0,0,0,0,0,0,0,0,1,0,0,0,0,0,0,0,0,0,1,0,0,1,0,0,0,0,0,0,0,0,0,0,0,0,0,-11056,0,0.18545,0.2727272727272727
268749,157500.0,450000.0,24543.0,450000.0,0.018209,1,1,0,1,0,1,4.0,3,3,8,0,0,0,0,1,1,0.4603301721986253,0.6279908192952864,0.0684,0.0,0.0,0.0,0.0,0,1,0,0,0,0,0,0,0,0,0,0,0,0,0,0,0,0,0,0,0.0,0.0,0.0,0.0,1.0,0.0,33,7.0,11,1,1,0,1,0,1,0,1,0,0,0,0,0,0,1,0,0,1,0,1,1,0,0,0,0,0,0,0,0,0,0,0,0,1,0,0,0,0,0,0,0,1,0,0,0,0,0,0,0,0,0,0,0,0,0,0,0,1,0,-16554,0,0.1142941176470588,0.6
273496,247500.0,561393.0,21294.0,463500.0,0.030755,1,0,0,1,1,0,1.0,2,2,11,0,0,0,0,0,0,0.7066505716242863,0.6161216908872079,0.0699,0.0,0.0,0.0,0.0,0,0,0,0,1,0,0,0,0,0,0,0,0,0,0,0,0,0,0,0,0.0,0.0,0.0,0.0,0.0,4.0,61,4.0,13,2,4,0,0,0,1,0,0,0,0,0,0,0,0,1,1,0,0,0,0,0,0,0,1,0,0,0,0,0,0,0,0,1,0,0,0,0,0,1,0,0,0,0,0,0,1,0,0,0,0,0,0,0,0,0,0,0,0,0,-15243,1,0.2916296296296296,1.0
339452,112500.0,900000.0,29164.5,900000.0,0.030755,1,1,0,1,0,0,3.0,2,2,12,0,0,0,0,0,0,0.6300722782268641,0.2910973802776635,0.1371,6.0,0.0,6.0,0.0,0,1,0,0,0,0,0,0,0,0,0,0,0,0,0,0,0,0,0,0,0.0,0.0,0.0,0.0,0.0,1.0,37,14.0,12,13,5,0,0,0,1,1,0,0,0,0,0,0,0,1,0,1,0,0,0,1,0,0,0,0,0,0,0,0,1,0,0,0,0,0,0,0,0,0,0,0,0,1,0,0,0,1,0,0,0,0,0,0,0,0,0,0,0,0,-13644,1,0.1117230769230769,0.3333333333333333
164783,180000.0,853200.0,27652.5,675000.0,0.003813,1,0,0,1,0,0,2.0,2,2,7,0,0,0,0,0,0,0.6175260390807686,0.5460231970049609,0.0684,0.0,0.0,0.0,0.0,0,1,0,0,0,0,0,0,0,0,0,0,0,0,0,0,0,0,0,0,0.0,0.0,0.0,0.0,0.0,1.0,61,4.0,13,37,0,0,0,0,0,0,0,0,0,0,1,0,0,0,1,0,0,0,1,1,0,0,0,0,0,0,0,0,0,0,0,1,0,0,0,0,0,0,0,0,0,0,0,0,1,0,0,0,0,0,0,0,0,0,0,0,0,0,-20009,1,0.3222941176470588,0.75
385119,135000.0,156384.0,16551.0,135000.0,0.025164,1,1,0,1,0,0,2.0,2,2,9,0,0,0,0,0,0,0.2508400644847299,0.6722428897082422,0.0684,2.0,0.0,2.0,0.0,0,1,0,0,0,0,0,0,0,0,0,0,0,0,0,0,0,0,0,0,0.0,0.0,0.0,0.0,0.0,3.0,52,9.0,7,10,0,0,1,0,1,0,0,0,0,0,0,0,0,1,0,0,0,0,0,1,0,0,0,0,0,0,0,0,0,0,0,0,1,0,0,0,0,1,0,0,0,0,0,0,0,0,0,0,0,0,1,0,0,0,0,0,0,0,-11515,0,0.09796,0.0
339038,58500.0,62554.5,6538.5,54000.0,0.00712,1,0,0,1,0,0,2.0,2,2,13,0,0,0,0,0,0,0.6636219712202527,0.6263042766749393,0.0684,1.0,0.0,1.0,0.0,0,0,0,0,1,0,0,0,0,0,0,0,0,0,0,0,0,0,0,0,0.0,0.0,0.0,0.0,0.0,0.0,58,4.0,12,13,5,0,0,0,1,0,0,0,0,0,0,0,0,1,1,0,0,0,1,1,0,0,0,0,0,0,0,0,0,0,0,1,0,0,0,0,0,0,0,0,0,1,0,0,1,0,0,0,0,0,0,0,0,0,0,0,0,0,-15998,0,0.2446222222222222,0.3333333333333333
149444,112500.0,817560.0,30951.0,675000.0,0.020246,1,0,0,1,0,0,2.0,3,3,6,0,0,0,0,0,0,0.2183571095192988,0.5460231970049609,0.0602,1.0,1.0,1.0,1.0,0,0,0,0,1,0,0,0,0,0,0,0,0,0,0,0,0,0,0,0,0.0,0.0,0.0,0.0,0.0,3.0,56,4.0,10,12,5,0,0,0,1,0,0,0,0,0,0,0,0,1,1,0,0,0,1,0,0,0,0,0,0,0,0,0,0,0,0,1,0,0,0,0,0,0,0,0,1,0,0,0,1,0,0,0,0,0,0,0,0,0,0,0,0,0,-16351,1,0.1119636363636363,0.375
352351,157500.0,514777.5,36738.0,477000.0,0.020713,1,1,0,1,0,0,2.0,3,3,6,0,0,0,0,0,0,0.4610690764732389,0.5460231970049609,0.0706,1.0,0.0,1.0,0.0,0,1,0,0,0,0,0,0,0,0,0,0,0,0,0,0,0,0,0,0,0.0,0.0,0.0,0.0,0.0,4.0,45,6.0,0,16,3,0,0,1,1,0,0,0,0,0,0,0,0,1,0,0,1,0,1,1,0,0,0,0,0,0,0,0,0,0,0,1,0,0,0,0,0,0,0,0,0,0,1,1,0,0,0,0,0,0,0,0,0,0,0,0,0,0,-21710,1,0.1407538461538461,0.3333333333333333
287879,180000.0,199152.0,10296.0,135000.0,0.00702,1,1,0,1,0,0,2.0,2,2,17,0,0,0,0,1,1,0.1804704263545156,0.3376727217405312,0.0177,3.0,0.0,3.0,0.0,0,1,0,0,0,0,0,0,0,0,0,0,0,0,0,0,0,0,0,0,0.0,0.0,0.0,0.0,1.0,0.0,30,9.0,8,8,6,0,0,1,0,1,0,0,0,0,1,0,0,0,0,0,1,0,1,0,1,0,0,0,0,0,0,0,1,0,0,0,0,0,0,0,0,0,0,0,1,0,0,0,0,0,0,0,0,0,0,0,0,0,0,0,1,0,-16636,1,0.2541153846153846,0.3076923076923077
211187,54000.0,286704.0,18450.0,247500.0,0.025164,1,0,0,1,0,0,1.0,2,2,12,0,0,0,0,0,0,0.2508400644847299,0.5460231970049609,0.0684,1.0,0.0,1.0,0.0,0,1,0,0,0,0,0,0,0,0,0,0,0,0,0,0,0,0,0,0,0.0,0.0,0.0,0.0,0.0,1.0,63,4.0,12,22,0,0,0,0,1,0,0,0,0,0,1,0,0,0,1,0,0,0,1,0,0,1,0,0,0,0,0,0,0,0,0,1,0,0,0,0,0,0,1,0,0,0,0,0,1,0,0,0,0,0,0,0,0,0,0,0,0,0,-16956,1,0.185235294117647,0.4615384615384615
283906,103500.0,539100.0,27522.0,450000.0,0.00702,1,1,1,1,1,0,2.0,2,2,10,0,0,0,0,1,1,0.5049820605314214,0.6109913280868294,0.0684,1.0,0.0,1.0,0.0,0,1,0,0,0,0,0,0,0,0,0,0,0,0,0,0,0,0,0,0,0.0,0.0,0.0,0.0,0.0,0.0,49,1.0,3,11,2,0,0,0,1,0,0,0,0,0,0,0,0,1,0,0,1,0,1,0,0,0,0,0,0,0,0,0,0,0,0,0,0,0,0,1,0,1,0,0,0,0,0,0,0,0,0,0,0,0,0,0,0,0,0,1,0,0,-21121,0,0.2364857142857143,0.3333333333333333
329078,202500.0,559368.0,28687.5,418500.0,0.00496,1,1,0,1,0,0,2.0,2,2,13,0,0,0,0,0,0,0.5685005096627177,0.5460231970049609,0.0684,2.0,0.0,2.0,0.0,0,1,0,0,0,0,0,0,0,0,0,0,0,0,0,0,0,0,0,0,0.0,0.0,0.0,0.0,0.0,1.0,46,12.0,1,2,0,0,1,1,1,0,0,0,0,0,1,0,0,0,0,0,1,0,0,1,0,0,0,0,0,0,0,0,0,0,0,0,1,0,0,0,0,0,1,0,0,0,0,0,0,0,0,0,0,0,0,0,0,1,0,0,0,0,-14648,1,0.55732,0.4285714285714285
403255,180000.0,1798605.0,62649.0,1642500.0,0.009334,1,1,0,1,0,1,2.0,2,2,13,0,0,0,0,0,0,0.6744241225440145,0.5280927512030451,0.0689,4.0,0.0,4.0,0.0,0,1,0,0,0,0,0,0,0,0,0,0,0,0,0,0,0,0,0,0,0.0,0.0,0.0,0.0,0.0,0.0,44,11.0,0,24,5,0,0,1,1,0,0,0,0,0,0,0,0,1,0,1,0,0,0,1,0,0,0,0,0,0,0,0,1,0,0,0,0,0,0,0,0,1,0,0,0,0,0,0,0,1,0,0,0,0,0,0,0,0,0,0,0,0,-10889,0,0.26415,1.0
251434,180000.0,500490.0,54031.5,450000.0,0.014464,1,1,0,1,0,0,3.0,2,2,3,0,0,0,0,0,0,0.4315300083902801,0.5460231970049609,0.0141,1.0,0.0,1.0,0.0,0,1,0,0,0,0,0,0,0,0,0,0,0,0,0,0,0,0,0,0,0.0,0.0,0.0,0.0,0.0,1.0,34,4.0,7,5,2,0,1,1,1,1,0,0,0,0,0,0,0,1,0,0,1,0,1,1,0,0,0,0,0,0,0,0,0,0,0,1,0,0,0,0,0,0,0,1,0,0,0,0,1,0,0,0,0,0,0,0,0,0,0,0,0,0,-9415,1,0.1291142857142857,0.4
102703,112500.0,553581.0,31041.0,472500.0,0.031329,1,1,0,1,0,0,2.0,2,2,10,0,0,0,0,0,0,0.6840003818264704,0.7076993447402619,0.073,1.0,1.0,1.0,1.0,0,1,0,0,0,0,0,0,0,0,0,0,0,0,0,0,0,0,0,0,0.0,0.0,0.0,0.0,0.0,0.0,50,3.0,5,2,2,0,0,0,1,0,0,0,0,0,0,0,0,1,0,0,1,0,0,1,0,0,0,0,0,0,0,0,0,0,0,0,1,0,0,0,0,0,1,0,0,0,0,0,0,1,0,0,0,0,0,0,0,0,0,0,0,0,-20335,0,0.23105,0.3333333333333333
224843,112500.0,1024740.0,52452.0,900000.0,0.030755,1,1,0,1,0,0,2.0,2,2,10,0,0,0,0,0,0,0.4039961410655194,0.3689687382528466,0.0684,2.0,0.0,2.0,0.0,0,1,0,0,0,0,0,0,0,0,0,0,0,0,0,0,0,0,0,0,0.0,0.0,0.0,0.0,0.0,3.0,51,1.0,5,17,0,0,0,0,0,0,0,0,0,0,0,0,0,1,0,0,0,0,1,1,0,0,0,0,0,0,0,0,0,0,0,1,0,0,0,0,0,0,0,0,1,0,0,0,0,0,0,1,0,0,0,0,0,0,0,0,0,0,-15991,1,0.1661666666666666,0.1538461538461538
381139,202500.0,761872.5,54310.5,675000.0,0.00496,1,0,0,1,0,0,2.0,2,2,11,0,0,0,0,0,0,0.5614922664158624,0.8357765157975799,0.0684,1.0,0.0,0.0,0.0,0,1,0,0,0,0,0,0,0,0,0,0,0,0,0,0,0,0,0,0,0.0,0.0,0.0,0.0,1.0,3.0,57,4.0,11,24,2,0,0,0,0,0,0,0,0,0,0,0,0,1,1,0,0,0,1,1,0,0,0,0,0,0,0,0,0,0,0,1,0,0,0,0,0,0,0,0,1,0,0,0,1,0,0,0,0,0,0,0,0,0,0,0,0,0,-18668,1,0.17955,0.5
220363,315000.0,675000.0,49248.0,675000.0,0.026392,1,1,1,1,1,0,2.0,2,2,14,0,0,0,0,0,0,0.6814615079746343,0.375711009574066,0.0684,0.0,0.0,0.0,0.0,0,1,0,0,0,0,0,0,0,0,0,0,0,0,0,0,0,0,0,0,0.0,0.0,0.0,0.0,1.0,1.0,31,2.0,8,8,4,0,0,1,1,0,0,0,0,0,1,0,0,0,0,0,1,0,0,1,0,0,0,0,0,0,0,0,0,0,0,0,1,0,0,0,0,0,0,0,0,0,1,0,1,0,0,0,0,0,0,0,0,0,0,0,0,0,-13948,0,0.19404,0.3846153846153846
205251,292500.0,585000.0,28143.0,585000.0,0.032561,1,1,1,1,1,0,3.0,1,1,22,0,0,0,0,0,0,0.7100388014930589,0.0715326762805274,0.3194,1.0,0.0,1.0,0.0,0,1,0,0,0,0,0,0,0,0,0,0,0,0,0,0,0,0,0,0,0.0,0.0,0.0,0.0,1.0,3.0,37,5.0,4,13,4,0,0,0,1,1,0,0,0,0,0,0,0,1,0,0,0,0,0,1,0,0,0,0,0,0,0,0,1,0,0,0,0,0,0,0,0,1,0,0,0,0,0,0,0,0,0,0,0,1,0,0,0,0,0,0,0,0,-21291,1,0.09048,0.4285714285714285
160490,292500.0,1528200.0,53248.5,1350000.0,0.072508,1,0,0,1,0,0,2.0,1,1,18,0,0,0,0,0,0,0.5993937269404214,0.3944954053123993,0.0753,0.0,0.0,0.0,0.0,0,0,0,1,0,0,0,0,0,0,0,0,0,0,0,0,0,0,0,0,0.0,0.0,0.0,0.0,1.0,2.0,50,4.0,3,3,2,0,0,0,1,0,0,0,0,0,0,0,0,1,1,0,0,0,1,1,0,0,0,0,1,0,0,0,0,0,0,1,0,0,0,0,0,0,0,1,0,0,0,0,1,0,0,0,0,0,0,0,0,0,0,0,0,0,-8576,1,0.0957407407407407,0.2857142857142857
144179,67500.0,180000.0,9189.0,180000.0,0.00712,1,0,0,1,1,0,1.0,2,2,11,0,0,0,0,0,0,0.5853810369725847,0.6512602186973006,0.0684,0.0,0.0,0.0,0.0,0,0,0,0,1,0,0,0,0,0,0,0,0,0,0,0,0,0,0,0,0.0,0.0,0.0,0.0,1.0,1.0,61,4.0,12,39,0,0,0,0,0,0,0,0,0,0,0,0,0,1,1,0,0,0,1,0,0,0,1,0,0,0,0,0,0,0,0,1,0,0,0,0,0,0,0,0,0,0,1,0,1,0,0,0,0,0,0,0,0,0,0,0,0,0,-14672,1,0.22732,0.0
239075,180000.0,652500.0,28872.0,652500.0,0.028663,1,0,0,1,0,0,2.0,2,2,15,0,0,0,0,0,0,0.5645212439947532,0.3807996826489149,0.0684,2.0,1.0,2.0,1.0,0,1,0,0,0,0,0,0,0,0,0,0,0,0,0,0,0,0,0,0,0.0,0.0,0.0,0.0,2.0,0.0,59,4.0,4,8,1,0,0,0,1,0,0,0,0,0,0,0,0,1,1,0,0,0,0,1,0,0,0,0,0,0,0,0,0,0,0,1,0,0,0,0,0,0,0,0,0,0,0,0,1,0,0,0,0,0,0,0,0,0,0,0,0,0,-8411,1,0.1945,0.5
270764,675000.0,450000.0,53536.5,450000.0,0.0116569999999999,1,1,0,1,0,0,4.0,1,1,12,0,1,1,0,1,1,0.6438254488304406,0.228883416700673,0.0684,0.0,0.0,0.0,0.0,0,1,0,0,0,0,0,0,0,0,0,0,0,0,0,0,0,0,0,0,0.0,0.0,0.0,0.0,0.0,1.0,41,5.0,12,4,3,0,1,1,1,0,1,0,0,0,0,0,0,1,0,0,0,0,0,1,0,0,0,0,0,0,0,0,0,0,0,0,1,0,0,0,0,0,0,0,1,0,0,1,0,0,0,0,0,0,0,0,0,0,0,0,0,0,-8724,1,0.0729090909090909,0.75
341020,135000.0,900000.0,46084.5,900000.0,0.018209,1,1,0,1,0,0,3.0,3,3,9,0,0,0,0,0,0,0.4954207530657267,0.3825018041447388,0.0981,2.0,0.0,2.0,0.0,0,1,0,0,0,0,0,0,0,0,0,0,0,0,0,0,0,0,0,0,0.0,0.0,0.0,0.0,0.0,2.0,56,9.0,11,13,1,0,0,0,0,1,0,0,0,0,0,0,0,1,0,0,0,0,1,1,0,0,0,0,0,0,0,1,0,0,0,0,0,0,0,0,0,0,0,0,0,1,0,0,1,0,0,0,0,0,0,0,0,0,0,0,0,0,-18691,0,0.19795,0.375
308189,216000.0,904500.0,88245.0,904500.0,0.011703,1,1,0,1,1,0,2.0,2,2,17,0,0,0,0,0,0,0.7343756490479761,0.5814837058057234,0.0797,1.0,0.0,1.0,0.0,0,1,0,0,0,0,0,0,0,0,0,0,0,0,0,0,0,0,0,0,0.0,0.0,0.0,0.0,0.0,0.0,58,8.0,12,13,8,0,0,1,1,0,0,0,0,0,0,0,0,1,0,0,0,0,0,1,0,0,0,0,0,0,0,0,0,0,0,0,0,0,0,1,0,0,0,0,0,0,0,0,0,0,0,0,1,0,0,0,0,0,0,0,0,0,-22374,1,0.1971923076923077,0.5
295985,67500.0,568800.0,20560.5,450000.0,0.0228,1,0,0,1,1,0,1.0,2,2,12,0,0,0,0,0,0,0.3037563860767945,0.7338145369642702,0.0684,0.0,0.0,0.0,0.0,0,1,0,0,0,0,0,0,0,0,0,0,0,0,0,0,0,0,0,0,0.0,0.0,0.0,0.0,0.0,4.0,58,4.0,11,12,0,0,0,0,0,0,0,0,0,0,0,0,0,1,1,0,0,0,1,0,0,0,1,0,0,0,0,0,0,0,0,1,0,0,0,0,0,0,0,0,0,0,1,0,1,0,0,0,0,0,0,0,0,0,0,0,0,0,-9312,1,0.138235294117647,1.0
176472,112500.0,305640.0,36270.0,270000.0,0.018634,1,1,1,1,0,0,2.0,2,2,14,0,1,1,0,1,1,0.5364994400006021,0.0492625778387188,0.0684,0.0,0.0,0.0,0.0,0,1,0,0,0,0,0,0,0,0,0,0,0,0,0,0,0,0,0,0,0.0,0.0,0.0,0.0,1.0,4.0,37,2.0,7,7,0,0,0,0,0,0,0,0,0,0,0,0,0,1,0,0,1,0,1,1,0,0,0,0,1,0,0,0,0,0,0,0,0,1,0,0,0,0,0,0,0,1,0,0,0,0,0,0,1,0,0,0,0,0,0,0,0,0,-11589,1,0.317375,1.0
284986,189000.0,364896.0,22320.0,315000.0,0.072508,1,1,0,1,0,0,2.0,1,1,15,0,0,0,0,0,0,0.6440059521131956,0.4543210601605785,0.1738,0.0,0.0,0.0,0.0,0,0,0,0,0,0,1,0,0,0,0,0,0,0,0,0,0,0,0,0,0.0,0.0,0.0,0.0,1.0,3.0,28,0.0,7,4,6,0,0,0,1,0,0,0,0,0,0,0,0,1,0,0,0,0,0,1,0,0,0,0,0,0,0,0,1,0,0,0,0,0,0,0,0,0,0,1,0,0,0,0,1,0,0,0,0,0,0,0,0,0,0,0,0,0,-15085,1,0.2419411764705882,0.0
403971,157500.0,486000.0,24813.0,486000.0,0.010556,1,1,1,1,1,0,3.0,3,3,15,0,0,0,0,0,0,0.3389881616562342,0.3539876078507373,0.0608,0.0,0.0,0.0,0.0,0,1,0,0,0,0,0,0,0,0,0,0,0,0,0,0,0,0,0,0,0.0,0.0,0.0,0.0,1.0,6.0,33,4.0,12,11,6,0,1,0,1,1,0,0,0,0,0,0,0,1,0,0,1,0,1,1,0,0,0,0,0,0,0,0,0,0,0,1,0,0,0,0,0,1,0,0,0,0,0,1,0,0,0,0,0,0,0,0,0,0,0,0,0,0,-11611,1,0.3420333333333333,0.75
282318,202500.0,675000.0,80239.5,675000.0,0.072508,1,1,0,1,1,0,2.0,1,1,19,0,0,0,0,0,0,0.6943426977748771,0.5460231970049609,0.2983,0.0,0.0,0.0,0.0,0,1,0,0,0,0,0,0,0,0,0,0,0,0,0,0,0,0,0,0,0.0,0.0,0.0,0.0,1.0,0.0,44,3.0,11,7,3,0,1,0,1,0,0,0,0,0,0,0,0,1,0,0,1,0,1,1,0,0,0,0,0,0,0,0,0,0,0,1,0,0,0,0,0,0,0,0,0,0,1,0,0,0,0,0,0,0,0,1,0,0,0,0,0,0,-15713,1,0.1025875,1.0
306469,90000.0,135000.0,13833.0,135000.0,0.010643,1,1,1,1,1,0,2.0,2,2,19,0,0,0,0,0,0,0.6965519452978886,0.4848514754962666,0.0973,0.0,0.0,0.0,0.0,0,1,0,0,0,0,0,0,0,0,0,0,0,0,0,0,0,0,0,0,0.0,0.0,0.0,0.0,0.0,1.0,43,12.0,12,19,2,0,0,0,0,0,0,0,0,0,0,0,0,1,0,0,1,0,1,1,0,0,0,0,0,0,0,0,0,0,0,1,0,0,0,0,0,0,0,0,0,0,0,0,1,0,0,0,0,0,0,0,0,0,0,0,0,0,-19439,1,0.1547625,0.0
137368,112500.0,157500.0,16267.5,157500.0,0.01885,1,1,0,1,1,0,2.0,2,2,14,0,0,0,0,1,1,0.6889515298179337,0.8050196619153701,0.0684,3.0,0.0,3.0,0.0,0,0,0,1,0,0,0,0,0,0,0,0,0,0,0,0,0,0,0,0,0.0,0.0,0.0,0.0,0.0,1.0,39,15.0,13,11,4,0,0,1,1,0,0,0,0,0,0,0,0,1,0,0,1,0,1,1,0,0,0,0,0,0,0,0,1,0,0,0,0,0,0,0,0,0,0,0,1,0,0,0,0,0,0,0,0,0,0,0,0,0,0,0,1,0,-21174,1,0.1034615384615384,0.25
355511,180000.0,225000.0,19440.0,225000.0,0.0145199999999999,1,1,0,1,0,0,3.0,2,2,10,0,0,0,0,0,0,0.5654402934257106,0.5460231970049609,0.0684,1.0,0.0,1.0,0.0,0,1,0,0,0,0,0,0,0,0,0,0,0,0,0,0,0,0,0,0,0.0,0.0,0.0,0.0,1.0,0.0,37,2.0,12,14,1,0,0,0,1,1,0,0,0,0,0,0,0,1,0,0,1,1,0,1,0,0,0,0,0,0,0,0,0,0,0,1,0,0,0,0,0,0,0,0,0,0,1,0,0,0,0,1,0,0,0,0,0,0,0,0,0,0,-20680,1,0.2347,0.0
168046,135000.0,696528.0,44514.0,630000.0,0.030755,1,1,1,1,0,0,2.0,2,2,12,0,0,0,0,0,0,0.2115711834171153,0.5460231970049609,0.0684,2.0,0.0,2.0,0.0,0,1,0,0,0,0,0,0,0,0,0,0,0,0,0,0,0,0,0,0,0.0,0.0,0.0,0.0,0.0,0.0,48,5.0,3,29,4,0,0,0,0,0,0,0,0,0,0,0,0,1,0,0,1,0,1,1,0,0,0,0,0,0,1,0,0,0,0,0,0,0,0,0,0,0,0,0,0,0,1,0,0,0,0,0,0,1,0,0,0,0,0,0,0,0,-15243,1,0.1186571428571428,0.125
453586,135000.0,149256.0,14890.5,135000.0,0.0105,1,1,0,1,0,0,4.0,3,3,15,0,0,0,0,0,0,0.4006466479846057,0.0920128093981064,0.0797,0.0,0.0,0.0,0.0,0,1,0,0,0,0,0,0,0,0,0,0,0,0,0,0,0,0,0,0,0.0,0.0,0.0,0.0,1.0,2.0,38,6.0,12,2,2,0,0,0,1,0,1,0,0,0,0,0,0,1,0,1,0,0,1,1,0,0,0,0,0,0,0,0,0,0,0,0,0,0,0,0,1,0,0,0,1,0,0,0,0,0,0,0,0,0,1,0,0,0,0,0,0,0,-12553,1,0.1243846153846153,0.8
447676,162000.0,848745.0,36090.0,675000.0,0.010032,1,1,0,1,0,1,3.0,2,2,4,0,0,0,0,0,0,0.4148243194114059,0.6127042441012546,0.0521,0.0,0.0,0.0,0.0,0,1,0,0,0,0,0,0,0,0,0,0,0,0,0,0,0,0,0,0,0.0,1.0,1.0,0.0,1.0,2.0,28,0.0,7,3,2,0,0,0,1,1,0,0,0,0,0,0,0,1,0,0,1,0,1,1,0,0,0,0,0,1,0,1,0,0,0,0,0,0,0,0,0,0,0,1,0,0,0,0,0,0,0,0,0,0,0,0,0,1,0,0,0,0,-17462,1,0.1008666666666666,0.0
414328,67500.0,364896.0,22450.5,315000.0,0.030755,1,0,0,1,0,1,2.0,2,2,12,0,0,0,0,0,0,0.4731415691659908,0.6626377922738201,0.0684,4.0,0.0,4.0,0.0,0,1,0,0,0,0,0,0,0,0,0,0,0,0,0,0,0,0,0,0,0.0,0.0,0.0,0.0,0.0,2.0,56,4.0,10,28,2,0,0,1,1,0,0,0,0,0,0,0,0,1,1,0,0,0,1,1,0,0,0,0,0,0,0,0,0,0,0,1,0,0,0,0,0,1,0,0,0,0,0,0,1,0,0,0,0,0,0,0,0,0,0,0,0,0,-16424,1,0.20914,0.2857142857142857
289312,202500.0,369369.0,37845.0,346500.0,0.04622,1,1,1,1,0,0,1.0,1,1,14,0,1,1,0,1,1,0.6604563954345224,0.5460231970049609,0.0258,2.0,0.0,2.0,0.0,0,1,0,0,0,0,0,0,0,0,0,0,0,0,0,0,0,0,0,0,0.0,0.0,0.0,0.0,0.0,1.0,55,0.0,7,22,2,0,1,0,1,0,0,0,0,0,0,0,0,1,0,0,1,0,1,0,1,0,0,0,0,0,0,0,0,0,0,0,0,0,0,0,1,0,0,0,0,0,1,0,0,0,0,0,0,0,0,0,1,0,0,0,0,0,-15173,0,0.1780333333333333,0.8333333333333334
289017,112500.0,163512.0,10458.0,135000.0,0.011703,1,1,1,1,1,0,2.0,2,2,9,0,0,0,0,1,1,0.5723585548466945,0.5902333386185574,0.0684,0.0,0.0,0.0,0.0,0,1,0,0,0,0,0,0,0,0,0,0,0,0,0,0,0,0,0,0,0.0,0.0,0.0,0.0,1.0,1.0,40,5.0,12,12,4,0,0,0,0,0,0,0,0,0,0,0,0,1,0,0,1,0,1,1,0,0,0,0,0,0,0,0,0,0,0,1,0,0,0,0,0,1,0,0,0,0,0,0,1,0,0,0,0,0,0,0,0,0,0,0,0,0,-24495,1,0.2056551724137931,0.2307692307692307
216740,405000.0,765000.0,39190.5,765000.0,0.0145199999999999,1,1,0,1,0,1,2.0,2,2,13,0,0,0,0,0,0,0.5840747994381582,0.11911906455945,0.1203,0.0,0.0,0.0,0.0,0,0,0,0,0,0,1,0,0,0,0,0,0,0,0,0,0,0,0,0,0.0,0.0,0.0,0.0,1.0,3.0,43,2.0,10,3,4,0,1,0,0,0,0,0,0,0,0,0,0,1,0,0,1,1,0,1,0,0,0,0,0,0,0,0,0,0,0,0,1,0,0,0,0,0,0,0,0,0,1,0,1,0,0,0,0,0,0,0,0,0,0,0,0,0,-14051,1,0.2458,0.375
310720,157500.0,781920.0,33259.5,675000.0,0.00712,1,1,0,1,0,0,1.0,2,2,10,1,1,0,1,1,0,0.1540458701464203,0.5460231970049609,0.0684,0.0,0.0,0.0,0.0,0,1,0,0,0,0,0,0,0,0,0,0,0,0,0,0,0,0,0,0,0.0,0.0,0.0,0.0,0.0,1.0,30,8.0,10,5,3,0,0,1,1,0,0,0,0,0,0,0,0,1,0,0,0,0,1,0,0,1,0,0,0,0,0,0,0,0,0,0,0,0,0,1,0,0,0,0,0,0,0,0,0,0,0,0,0,0,0,0,0,1,0,0,0,0,-14699,1,0.1979833333333333,0.5
305571,202500.0,337500.0,14994.0,337500.0,0.018801,1,1,0,1,1,0,2.0,2,2,9,0,0,0,0,0,0,0.536586443103064,0.4650692149562261,0.0404,6.0,0.0,6.0,0.0,0,1,0,0,0,0,0,0,0,0,0,0,0,0,0,0,0,0,0,0,0.0,0.0,0.0,0.0,0.0,2.0,41,14.0,11,12,2,0,0,1,0,0,0,0,0,0,0,0,0,1,0,1,0,0,0,1,0,0,0,0,0,0,0,0,1,0,0,0,0,0,0,0,0,0,0,0,0,0,1,0,0,0,0,0,1,0,0,0,0,0,0,0,0,0,-20158,0,0.2265333333333333,0.125
430048,193500.0,819792.0,34861.5,720000.0,0.00702,1,1,0,1,0,0,3.0,2,2,10,0,0,0,0,0,0,0.6443768580818598,0.2735646775174348,0.0684,1.0,0.0,1.0,0.0,0,1,0,0,0,0,0,0,0,0,0,0,0,0,0,0,0,0,0,0,0.0,0.0,1.0,0.0,3.0,6.0,36,7.0,14,10,5,0,0,0,1,1,0,0,0,0,0,0,0,1,0,1,0,0,0,1,0,0,0,0,1,0,0,0,1,0,0,0,0,0,0,0,0,0,0,0,0,0,1,0,0,1,0,0,0,0,0,0,0,0,0,0,0,0,-17030,1,0.0794230769230769,1.0
194054,180000.0,439074.0,23949.0,328500.0,0.022625,1,1,0,1,0,0,3.0,2,2,9,0,0,0,0,0,0,0.6038172153824952,0.3706496323299817,0.0684,15.0,0.0,15.0,0.0,0,1,0,0,0,0,0,0,0,0,0,0,0,0,0,0,0,0,0,0,0.0,0.0,0.0,0.0,1.0,3.0,42,15.0,8,3,1,0,0,1,1,1,0,0,0,0,0,0,0,1,0,0,1,0,1,1,0,0,0,0,0,0,0,0,0,0,0,1,0,0,0,0,0,0,0,0,0,0,1,0,0,0,0,0,0,1,0,0,0,0,0,0,0,0,-14344,1,0.177,1.0
266805,225000.0,1470330.0,60808.5,1372500.0,0.01885,1,1,0,1,0,0,2.0,2,2,10,0,0,0,0,0,0,0.7883656645093321,0.6380435278721609,0.0425,0.0,0.0,0.0,0.0,0,1,0,0,0,0,0,0,0,0,0,0,0,0,0,0,0,0,0,0,0.0,0.0,0.0,0.0,0.0,4.0,56,3.0,11,26,2,0,1,1,1,0,0,0,0,0,0,0,0,1,0,0,1,0,1,1,0,0,0,0,0,0,0,0,0,0,0,0,0,0,0,1,0,0,0,0,0,1,0,0,0,0,0,0,0,0,0,0,0,1,0,0,0,0,-11816,1,0.1838333333333333,0.4
425938,67500.0,104256.0,10683.0,90000.0,0.035792,1,0,0,1,0,0,1.0,2,2,15,0,0,0,0,0,0,0.7505941876126737,0.7091891096653581,0.0661,2.0,0.0,2.0,0.0,0,1,0,0,0,0,0,0,0,0,0,0,0,0,0,0,0,0,0,0,0.0,0.0,0.0,0.0,1.0,3.0,67,4.0,12,26,4,0,0,0,0,0,0,0,0,0,0,0,0,1,1,0,0,0,1,0,0,0,1,0,0,0,0,0,0,0,0,1,0,0,0,0,0,0,0,0,0,0,0,0,1,0,0,0,0,0,0,0,0,0,0,0,0,0,-22986,0,0.3280666666666667,1.0
379385,180000.0,222768.0,19246.5,180000.0,0.035792,1,1,0,1,0,0,3.0,2,2,12,0,0,0,0,0,0,0.3530101410795878,0.2314393514998941,0.0684,2.0,1.0,2.0,1.0,0,1,0,0,0,0,0,0,0,0,0,0,0,0,0,0,0,0,0,0,0.0,0.0,0.0,0.0,2.0,1.0,40,12.0,5,17,0,0,0,0,1,1,0,0,0,0,0,0,0,1,0,0,1,0,1,1,0,0,0,0,0,0,0,0,0,0,0,1,0,0,0,0,0,0,1,0,0,0,0,0,0,0,0,0,0,1,0,0,0,0,0,0,0,0,-11526,0,0.0786857142857142,0.375
325332,135000.0,552555.0,28341.0,477000.0,0.032561,1,1,0,1,1,0,2.0,1,1,16,0,0,0,0,0,0,0.6402471499502231,0.5460231970049609,1.0,0.0,0.0,0.0,0.0,0,1,0,0,0,0,0,0,0,0,0,0,0,0,0,0,0,0,0,0,0.0,0.0,0.0,0.0,0.0,1.0,53,12.0,8,1,0,0,1,0,0,0,0,0,0,0,0,0,0,1,0,0,0,0,1,1,0,0,0,1,0,0,0,0,0,0,0,1,0,0,0,0,0,0,0,0,0,0,0,0,0,1,0,0,0,0,0,0,0,0,0,0,0,0,-10433,0,0.1918857142857143,0.0
312049,180000.0,574488.0,18531.0,454500.0,0.019101,1,1,1,1,1,0,2.0,2,2,10,0,0,0,0,1,1,0.6459837773480345,0.5937175866150576,0.0615,4.0,0.0,4.0,0.0,0,1,0,0,0,0,0,0,0,0,0,0,0,0,0,0,0,0,0,0,0.0,0.0,0.0,0.0,0.0,0.0,49,27.0,4,27,2,0,1,1,0,0,0,0,0,0,1,0,0,0,0,0,0,0,0,1,0,0,0,0,0,0,0,0,0,0,0,1,0,0,0,0,0,0,1,0,0,0,0,0,0,0,0,0,0,0,0,0,0,0,0,0,1,0,-13117,1,0.1871,1.0
444896,99000.0,423000.0,21726.0,423000.0,0.028663,1,1,0,1,0,0,2.0,2,2,10,0,0,0,0,0,0,0.4901682058312337,0.6127042441012546,0.016,0.0,0.0,0.0,0.0,0,1,0,0,0,0,0,0,0,0,0,0,0,0,0,0,0,0,0,0,0.0,0.0,0.0,0.0,0.0,2.0,33,3.0,4,0,1,0,0,0,1,0,0,0,0,0,0,0,0,1,0,0,0,0,1,1,0,0,0,0,0,0,0,0,0,0,0,1,0,0,0,0,0,1,0,0,0,0,0,0,1,0,0,0,0,0,0,0,0,0,0,0,0,0,-10963,0,0.0763733333333333,0.6666666666666666
120145,94500.0,1097541.0,46629.0,981000.0,0.010276,1,1,1,1,1,0,2.0,2,2,10,0,0,0,0,0,0,0.6409117349272693,0.2910973802776635,0.0684,0.0,0.0,0.0,0.0,0,1,0,0,0,0,0,0,0,0,0,0,0,0,0,0,0,0,0,0,0.0,0.0,0.0,0.0,0.0,0.0,56,9.0,7,10,7,0,0,0,1,0,0,0,0,0,0,0,0,1,0,0,1,0,1,1,0,0,0,0,0,0,0,0,0,0,0,0,1,0,0,0,0,0,1,0,0,0,0,0,0,0,0,0,0,1,0,0,0,0,0,0,0,0,-11756,0,0.1144666666666666,0.25
138519,202500.0,599778.0,24880.5,477000.0,0.032561,1,1,0,1,0,0,3.0,1,1,12,0,0,0,0,1,1,0.5747172999981006,0.2079641743053816,0.6924,2.0,0.0,2.0,0.0,0,0,0,0,0,0,0,0,0,0,0,0,0,0,0,0,0,0,0,0,0.0,0.0,0.0,0.0,0.0,0.0,21,0.0,1,4,0,0,1,0,0,1,0,0,0,0,0,0,0,1,0,0,0,0,1,1,0,0,0,0,0,0,0,0,0,0,0,1,0,0,0,0,0,0,0,0,0,1,0,0,0,0,0,1,0,0,0,0,0,0,0,0,0,0,-21638,1,0.1435925925925926,0.1111111111111111
141989,76500.0,260640.0,18270.0,225000.0,0.005313,1,0,0,1,1,0,2.0,2,2,14,0,0,0,0,0,0,0.5684146790320281,0.6397075677637197,0.0684,2.0,1.0,2.0,1.0,0,1,0,0,0,0,0,0,0,0,0,0,0,0,0,0,0,0,0,0,0.0,0.0,0.0,0.0,2.0,1.0,63,4.0,13,19,1,0,0,0,0,0,0,0,0,0,0,0,0,1,1,0,0,0,1,1,0,0,0,0,0,0,0,0,0,0,0,1,0,0,0,0,0,0,1,0,0,0,0,0,1,0,0,0,0,0,0,0,0,0,0,0,0,0,-19858,1,0.2056,0.0
220021,234000.0,473742.0,37557.0,418500.0,0.018029,1,1,0,1,0,0,2.0,3,3,7,0,0,0,0,1,1,0.5467544552667849,0.7338145369642702,0.0684,1.0,0.0,1.0,0.0,0,1,0,0,0,0,0,0,0,0,0,0,0,0,0,0,0,0,0,0,0.0,0.0,0.0,0.0,0.0,4.0,46,6.0,1,6,5,0,0,0,1,1,0,0,0,0,0,0,0,1,0,0,1,0,1,0,0,1,0,0,0,0,0,0,0,0,0,1,0,0,0,0,0,0,0,0,0,0,1,0,1,0,0,0,0,0,0,0,0,0,0,0,0,0,-13985,1,0.3363513513513513,0.1666666666666666
448585,135000.0,225171.0,17919.0,171000.0,0.018634,1,1,0,1,0,0,2.0,2,2,15,0,0,0,0,0,0,0.4486147193547913,0.7121551551910698,0.0732,0.0,0.0,0.0,0.0,0,0,0,0,0,0,1,0,0,0,0,0,0,0,0,0,0,0,0,0,0.0,0.0,0.0,0.0,0.0,2.0,51,6.0,6,25,7,0,1,1,0,0,0,0,0,0,0,0,0,1,0,0,1,0,1,1,0,0,0,0,0,0,0,0,0,1,0,0,0,0,0,0,0,1,0,0,0,0,0,0,1,0,0,0,0,0,0,0,0,0,0,0,0,0,-10105,0,0.2138222222222222,0.3571428571428571
364290,157500.0,270000.0,17253.0,270000.0,0.018029,1,0,0,1,0,0,2.0,3,3,6,0,0,0,0,0,0,0.6228521161389318,0.4686596550493113,0.0684,12.0,0.0,12.0,0.0,0,1,0,0,0,0,0,0,0,0,0,0,0,0,0,0,0,0,0,0,0.0,0.0,0.0,0.0,2.0,3.0,64,4.0,8,8,3,0,0,0,0,0,0,0,0,0,0,0,0,1,1,0,0,0,0,1,0,0,0,0,0,0,0,0,0,0,0,1,0,0,0,0,0,0,0,0,1,0,0,0,1,0,0,0,0,0,0,0,0,0,0,0,0,0,-18053,1,0.1682222222222222,0.5
160998,337500.0,670185.0,61596.0,621000.0,0.010147,1,1,0,1,0,0,4.0,2,2,13,0,0,0,0,0,0,0.4643309474583213,0.6863823354047934,0.2703,1.0,0.0,1.0,0.0,0,1,0,0,0,0,0,0,0,0,0,0,0,0,0,0,0,0,0,0,0.0,0.0,0.0,0.0,2.0,1.0,41,12.0,13,10,0,0,1,1,1,0,1,0,0,0,0,0,0,1,0,0,1,0,0,1,0,0,0,0,0,0,0,0,0,1,0,0,0,0,0,0,0,0,0,0,1,0,0,0,1,0,0,0,0,0,0,0,0,0,0,0,0,0,-8210,1,0.1469772727272727,0.375
395774,67500.0,395766.0,17563.5,283500.0,0.031329,1,1,0,1,0,0,4.0,2,2,9,0,0,0,0,0,0,0.6854873525398075,0.6512602186973006,0.1119,8.0,0.0,7.0,0.0,0,1,0,0,0,0,0,0,0,0,0,0,0,0,0,0,0,0,0,0,0.0,0.0,0.0,0.0,0.0,1.0,38,4.0,12,18,0,0,0,1,1,0,1,0,0,0,1,0,0,0,0,0,1,0,1,1,0,0,0,0,0,0,0,0,0,0,0,1,0,0,0,0,0,0,0,0,0,0,0,0,0,0,0,0,0,1,0,0,0,0,0,0,0,0,-11967,1,0.0701627906976744,0.5
265969,207000.0,481176.0,24696.0,360000.0,0.00496,1,1,0,1,0,0,1.0,2,2,15,0,0,0,0,0,0,0.2445649248286477,0.1963339662134567,0.0684,1.0,0.0,1.0,0.0,0,1,0,0,0,0,0,0,0,0,0,0,0,0,0,0,0,0,0,0,0.0,0.0,0.0,0.0,0.0,2.0,33,6.0,9,6,0,0,0,0,0,0,0,0,0,0,1,0,0,0,0,0,1,0,0,0,0,1,0,0,0,0,0,0,1,0,0,0,0,0,0,0,0,0,0,0,0,0,1,0,0,1,0,0,0,0,0,0,0,0,0,0,0,0,-15499,0,0.1466,0.375
183549,135000.0,450000.0,16164.0,450000.0,0.009175,1,1,1,1,0,0,2.0,2,2,8,0,0,0,0,1,1,0.7821451734080418,0.3523399726917038,0.1244,0.0,0.0,0.0,0.0,0,1,0,0,0,0,0,0,0,0,0,0,0,0,0,0,0,0,0,0,0.0,0.0,0.0,0.0,1.0,2.0,40,8.0,11,4,2,0,0,0,1,0,0,0,0,0,0,0,0,1,0,0,1,0,1,1,0,0,0,0,0,0,0,0,0,0,0,1,0,0,0,0,0,0,0,0,1,0,0,0,0,0,0,0,0,0,1,0,0,0,0,0,0,0,-21741,1,0.1217142857142857,0.0
308818,148500.0,369000.0,29151.0,369000.0,0.01885,1,1,1,1,0,0,2.0,2,2,10,0,0,0,0,0,0,0.0911064215747148,0.248535557339522,0.0684,2.0,0.0,2.0,0.0,0,1,0,0,0,0,0,0,0,0,0,0,0,0,0,0,0,0,0,0,0.0,0.0,0.0,0.0,0.0,4.0,42,7.0,5,6,3,0,0,1,1,0,0,0,0,0,0,0,0,1,0,0,1,0,1,1,0,0,0,0,0,0,0,0,0,0,0,1,0,0,0,0,0,0,0,0,0,0,0,0,0,0,0,0,0,1,0,0,0,0,0,0,0,0,-17865,1,0.21185,0.3333333333333333
151021,67500.0,586764.0,24795.0,405000.0,0.00712,1,0,0,1,0,0,2.0,2,2,14,0,0,0,0,0,0,0.3331624048494433,0.4543210601605785,0.0684,8.0,0.0,8.0,0.0,0,0,0,0,1,0,0,0,0,0,0,0,0,0,0,0,0,0,0,0,0.0,0.0,0.0,0.0,0.0,0.0,61,4.0,7,8,1,0,0,0,1,0,0,0,0,0,0,0,0,0,1,0,0,0,1,1,0,0,0,0,0,0,0,0,0,0,0,1,0,0,0,0,0,0,0,0,0,0,1,0,1,0,0,0,0,0,0,0,0,0,0,0,0,0,-19355,0,0.153975,0.2857142857142857
453507,135000.0,286528.5,32535.0,265500.0,0.015221,1,1,1,1,1,0,3.0,2,2,13,0,0,0,0,0,0,0.4008304483084199,0.5334816299804352,0.0684,0.0,0.0,0.0,0.0,0,0,0,0,0,0,1,0,0,0,0,0,0,0,0,0,0,0,0,0,0.0,0.0,0.0,0.0,0.0,0.0,37,3.0,11,7,8,0,1,1,1,1,0,0,0,0,0,0,0,1,0,0,1,0,1,1,0,0,0,0,0,0,0,0,0,0,0,1,0,0,0,0,0,0,0,0,0,0,1,0,0,0,0,0,0,0,0,0,0,1,0,0,0,0,-19354,1,0.27412,0.75
335728,180000.0,301896.0,22702.5,252000.0,0.018029,1,1,0,1,0,0,3.0,3,3,5,0,0,0,0,0,0,0.6708319865816156,0.5849900404894085,0.0719,0.0,0.0,0.0,0.0,0,0,0,0,0,0,1,0,0,0,0,0,0,0,0,0,0,0,0,0,0.0,0.0,0.0,0.0,0.0,3.0,26,3.0,1,3,3,0,1,1,1,1,0,0,0,0,0,0,0,1,0,0,0,0,1,1,0,0,0,0,0,0,0,0,0,0,0,1,0,0,0,0,0,0,0,0,0,0,0,0,0,0,0,0,0,0,0,0,0,0,0,0,1,0,-14652,1,0.1743333333333333,0.0
133940,85500.0,315000.0,19399.5,315000.0,0.010966,1,1,1,1,1,0,1.0,2,2,18,0,0,0,0,0,0,0.6492126173106391,0.656158373001177,0.3722,1.0,0.0,1.0,0.0,0,1,0,0,0,0,0,0,0,0,0,0,0,0,0,0,0,0,0,0,0.0,0.0,0.0,0.0,0.0,3.0,41,14.0,11,18,4,0,0,0,1,0,0,0,0,0,0,0,0,1,0,0,0,0,1,0,1,0,0,0,0,0,0,0,0,0,0,0,0,0,0,1,0,0,0,0,1,0,0,0,0,0,0,0,0,0,0,0,0,1,0,0,0,0,-8545,0,0.1844666666666666,0.5
202463,130500.0,415408.5,40185.0,373500.0,0.018801,1,1,0,1,0,0,2.0,2,2,9,0,0,0,1,1,0,0.3875361073991525,0.5460231970049609,0.0684,0.0,0.0,0.0,0.0,0,0,0,0,0,0,0,0,0,0,0,0,0,0,0,0,0,0,0,0,0.0,0.0,0.0,0.0,0.0,1.0,22,0.0,2,3,0,0,0,0,0,0,0,0,0,0,0,1,0,0,0,0,0,0,1,0,0,0,0,0,1,0,0,0,0,0,0,0,0,0,0,1,0,0,1,0,0,0,0,0,0,0,0,0,0,0,0,0,0,0,0,1,0,0,-21000,1,0.2147,0.0
405946,193500.0,450000.0,18918.0,450000.0,0.025164,1,1,0,1,1,0,2.0,2,2,8,0,0,0,0,0,0,0.6530127635806036,0.6956219298394389,0.0921,0.0,0.0,0.0,0.0,0,1,0,0,0,0,0,0,0,0,0,0,0,0,0,0,0,0,0,0,0.0,0.0,0.0,0.0,0.0,1.0,43,8.0,12,6,5,0,0,0,1,0,0,0,0,0,0,0,0,1,0,1,0,0,1,1,0,0,0,1,0,0,0,0,1,0,0,0,0,0,0,0,0,0,0,0,1,0,0,0,0,0,0,0,0,0,1,0,0,0,0,0,0,0,-20703,1,0.0728857142857142,0.25
410373,103500.0,296280.0,18256.5,225000.0,0.00712,1,0,0,1,0,0,2.0,2,2,14,0,0,0,0,0,0,0.7974668019357112,0.6075573001388961,0.0684,0.0,0.0,0.0,0.0,0,0,0,0,1,0,0,0,0,0,0,0,0,0,0,0,0,0,0,0,0.0,0.0,0.0,0.0,0.0,1.0,66,4.0,11,7,2,0,1,1,1,0,0,0,0,0,0,0,0,1,1,0,0,0,0,1,0,0,0,0,0,0,0,0,0,0,0,1,0,0,0,0,0,0,0,0,0,0,1,0,1,0,0,0,0,0,0,0,0,0,0,0,0,0,-14358,1,0.174,0.6666666666666666
150178,85500.0,245268.0,15673.5,202500.0,0.008625,1,1,1,1,1,0,3.0,2,2,10,0,0,0,0,1,1,0.5449980945029923,0.266456808245056,0.0684,2.0,0.0,2.0,0.0,0,1,0,0,0,0,0,0,0,0,0,0,0,0,0,0,0,0,0,0,0.0,0.0,0.0,0.0,0.0,5.0,55,2.0,10,35,7,0,0,1,1,1,0,0,0,0,0,0,0,1,0,0,1,0,1,1,0,0,0,0,0,0,0,0,0,0,0,0,0,0,0,0,1,0,0,0,0,0,0,0,0,1,0,0,0,0,0,0,0,0,0,0,0,0,-17458,1,0.0374375,0.5294117647058824
165755,126000.0,395640.0,30748.5,360000.0,0.02461,1,1,0,1,0,0,2.0,2,2,10,0,0,0,0,0,0,0.6587084369747426,0.3556387169923543,0.196,2.0,0.0,2.0,0.0,0,1,0,0,0,0,0,0,0,0,0,0,0,0,0,0,0,0,0,0,0.0,0.0,0.0,0.0,0.0,0.0,55,2.0,1,3,2,0,0,0,1,0,0,0,0,0,0,0,0,1,0,0,1,0,1,1,0,0,0,0,0,0,0,0,0,0,0,0,0,0,0,1,0,0,0,0,0,1,0,0,1,0,0,0,0,0,0,0,0,0,0,0,0,0,-13036,1,0.1597428571428571,0.3846153846153846
341302,202500.0,906660.0,34308.0,675000.0,0.030755,1,1,0,1,0,0,2.0,2,2,15,0,0,0,0,0,0,0.6092914741367198,0.746300213050371,0.1038,2.0,0.0,2.0,0.0,0,1,0,0,0,0,0,0,0,0,0,0,0,0,0,0,0,0,0,0,0.0,0.0,0.0,0.0,0.0,6.0,62,7.0,11,20,5,0,0,0,1,0,0,0,0,0,0,0,0,1,0,0,0,0,1,1,0,0,0,0,0,0,1,0,0,0,0,0,0,0,0,0,0,0,0,0,1,0,0,0,1,0,0,0,0,0,0,0,0,0,0,0,0,0,-17645,0,0.27412,0.5
236981,135000.0,450000.0,24412.5,450000.0,0.035792,1,1,0,1,0,0,2.0,2,2,15,0,0,0,0,0,0,0.4718171389373914,0.5531646987710016,0.0684,0.0,0.0,0.0,0.0,0,1,0,0,0,0,0,0,0,0,0,0,0,0,0,0,0,0,0,0,0.0,0.0,0.0,0.0,1.0,0.0,38,12.0,11,15,5,0,0,0,0,0,0,0,0,0,0,0,0,1,0,0,1,0,1,1,0,0,0,0,0,0,0,0,1,0,0,0,0,0,0,0,0,0,0,0,1,0,0,0,0,1,0,0,0,0,0,0,0,0,0,0,0,0,-18574,1,0.092,0.5
221234,135000.0,281493.0,18117.0,243000.0,0.00496,1,1,0,1,0,0,2.0,2,2,18,0,0,0,0,0,0,0.6321290580019646,0.5549467685334323,0.086,1.0,0.0,1.0,0.0,0,1,0,0,0,0,0,0,0,0,0,0,0,0,0,0,0,0,0,0,0.0,0.0,0.0,0.0,0.0,4.0,36,3.0,6,3,3,0,0,0,1,0,0,0,0,0,1,0,0,0,0,0,1,0,1,1,0,0,0,0,0,0,0,0,0,0,1,0,0,0,0,0,0,0,0,0,0,0,0,0,0,0,0,0,0,1,0,0,0,0,0,0,0,0,-12626,1,0.217,1.0
216778,270000.0,135000.0,15399.0,135000.0,0.015221,1,1,1,1,1,0,4.0,2,2,9,0,0,0,0,1,1,0.6486945189250589,0.2764406945454034,0.0684,0.0,0.0,0.0,0.0,0,1,0,0,0,0,0,0,0,0,0,0,0,0,0,0,0,0,0,0,0.0,0.0,0.0,0.0,3.0,0.0,37,0.0,12,3,2,0,1,0,1,0,1,0,0,0,0,0,1,0,0,0,1,0,0,1,0,0,0,0,0,0,0,0,0,0,0,1,0,0,0,0,0,0,0,0,0,1,0,0,0,0,0,1,0,0,0,0,0,0,0,0,0,0,-16149,1,0.076575,0.6666666666666666
235107,247500.0,693000.0,53631.0,693000.0,0.028663,1,1,0,1,0,1,4.0,2,2,10,0,0,0,0,0,0,0.6991846646615801,0.5460231970049609,0.0684,1.0,0.0,1.0,0.0,0,1,0,0,0,0,0,0,0,0,0,0,0,0,0,0,0,0,0,0,0.0,0.0,0.0,0.0,0.0,1.0,36,5.0,11,12,0,0,0,1,1,0,1,0,0,0,1,0,0,0,0,0,1,0,1,1,0,0,0,0,0,0,0,0,0,1,0,0,0,0,0,0,0,0,0,0,0,1,0,0,0,0,0,0,0,0,0,0,0,1,0,0,0,0,-13447,1,0.0538333333333333,1.0
297718,72000.0,180000.0,9189.0,180000.0,0.010643,1,0,0,1,1,0,1.0,2,2,13,0,0,0,0,0,0,0.3786731432393972,0.3328505641648731,0.0684,2.0,0.0,2.0,0.0,0,1,0,0,0,0,0,0,0,0,0,0,0,0,0,0,0,0,0,0,0.0,0.0,0.0,0.0,1.0,1.0,55,4.0,10,7,1,0,0,0,0,0,0,0,0,0,0,0,0,1,1,0,0,0,1,0,1,0,0,0,0,1,0,0,0,0,0,1,0,0,0,0,0,0,0,0,1,0,0,0,1,0,0,0,0,0,0,0,0,0,0,0,0,0,-11615,0,0.09758,1.0
198179,202500.0,483237.0,49644.0,459000.0,0.016612,1,1,0,1,0,0,3.0,2,2,10,0,0,0,0,0,0,0.3903061431419481,0.190705947811054,0.1242,0.0,0.0,0.0,0.0,0,0,0,1,0,0,0,0,0,0,0,0,0,0,0,0,0,0,0,0,0.0,0.0,0.0,0.0,2.0,1.0,30,8.0,3,2,1,0,1,1,1,1,0,0,0,0,0,0,0,1,0,0,1,0,0,1,0,0,0,0,0,0,0,0,0,0,0,1,0,0,0,0,0,0,0,0,0,1,0,0,0,0,0,0,0,0,0,0,0,0,0,0,1,0,-22717,1,0.0442666666666666,0.0
255322,112500.0,670401.0,24210.0,553500.0,0.022625,1,0,0,1,0,0,2.0,2,2,12,0,0,0,0,0,0,0.7512363402691568,0.7688075728291359,0.0684,4.0,0.0,4.0,0.0,0,1,0,0,0,0,0,0,0,0,0,0,0,0,0,0,0,0,0,0,0.0,0.0,0.0,0.0,0.0,2.0,64,4.0,12,0,2,0,1,1,1,0,0,0,0,0,0,0,1,0,1,0,0,1,0,1,0,0,0,0,0,0,0,0,0,0,0,1,0,0,0,0,0,0,0,0,1,0,0,0,1,0,0,0,0,0,0,0,0,0,0,0,0,0,-11354,1,0.0809090909090909,0.2727272727272727
221059,270000.0,509400.0,31293.0,450000.0,0.020246,1,1,0,1,0,0,2.0,3,3,11,0,0,0,0,0,0,0.7055387455144709,0.4223696523543468,0.1035,0.0,0.0,0.0,0.0,0,1,0,0,0,0,0,0,0,0,0,0,0,0,0,0,0,0,0,0,0.0,0.0,0.0,0.0,3.0,3.0,49,10.0,4,5,5,0,0,1,1,0,0,0,0,0,0,0,0,1,0,1,0,0,0,1,0,0,0,0,0,0,0,0,0,0,0,0,1,0,0,0,0,0,0,0,0,0,1,1,0,0,0,0,0,0,0,0,0,0,0,0,0,0,-17917,1,0.3234,1.0
381190,337500.0,633730.5,32485.5,504000.0,0.0228,1,1,0,1,0,1,4.0,2,2,13,0,1,1,0,1,1,0.6289400487333646,0.3672910183026313,0.0684,3.0,0.0,3.0,0.0,0,1,0,0,0,0,0,0,0,0,0,0,0,0,0,0,0,0,0,0,0.0,0.0,0.0,0.0,0.0,0.0,32,10.0,12,4,2,0,0,0,1,0,1,0,0,0,0,0,0,1,0,0,0,0,0,1,0,0,0,0,0,0,0,0,0,0,0,0,1,0,0,0,0,0,0,0,0,1,0,0,1,0,0,0,0,0,0,0,0,0,0,0,0,0,-23848,1,0.1204516129032258,0.4166666666666667
384429,171000.0,504000.0,30834.0,504000.0,0.0105,1,1,0,1,0,0,3.0,3,3,13,0,0,0,1,1,0,0.3791774842049295,0.5460231970049609,0.0487,2.0,0.0,2.0,0.0,0,1,0,0,0,0,0,0,0,0,0,0,0,0,0,0,0,0,0,0,0.0,0.0,0.0,1.0,1.0,9.0,44,2.0,11,24,2,0,1,1,1,1,0,0,0,0,0,0,0,1,0,0,1,0,1,1,0,0,0,0,0,0,0,0,1,0,0,0,0,0,0,0,0,0,0,0,0,0,0,0,0,0,0,0,0,0,0,0,0,1,0,0,0,0,-23141,1,0.3988571428571428,0.2068965517241379
179838,180000.0,439740.0,22612.5,315000.0,0.010643,1,1,0,1,0,0,2.0,2,2,16,0,0,0,0,0,0,0.5822568503659155,0.5370699579791587,0.0684,0.0,0.0,0.0,0.0,0,1,0,0,0,0,0,0,0,0,0,0,0,0,0,0,0,0,0,0,0.0,0.0,0.0,0.0,2.0,2.0,49,9.0,4,17,0,0,0,0,1,0,0,0,0,0,0,0,0,1,0,0,0,0,1,1,0,0,0,0,0,0,0,0,0,0,0,1,0,0,0,0,0,1,0,0,0,0,0,0,1,0,0,0,0,0,0,0,0,0,0,0,0,0,-15454,0,0.2205777777777778,0.0
192172,157500.0,765000.0,39190.5,765000.0,0.035792,1,1,0,1,1,0,4.0,2,2,20,0,0,0,0,1,1,0.2556868975406724,0.5460231970049609,0.0684,2.0,1.0,2.0,1.0,0,1,0,0,0,0,0,0,0,0,0,0,0,0,0,0,0,0,0,0,0.0,0.0,0.0,0.0,0.0,1.0,33,0.0,11,2,1,0,0,0,1,0,1,0,0,0,0,0,0,1,0,0,1,0,0,0,0,0,0,0,0,0,0,0,0,0,0,0,0,0,0,1,0,0,0,0,1,0,0,0,0,0,0,0,0,0,0,0,0,1,0,0,0,0,-18084,0,0.2517333333333333,0.0
233401,90000.0,218016.0,15862.5,180000.0,0.0196889999999999,1,1,1,1,1,0,2.0,2,2,19,0,0,0,1,1,0,0.3697630506064512,0.6144143775673561,0.0684,1.0,0.0,1.0,0.0,0,1,0,0,0,0,0,0,0,0,0,0,0,0,0,0,0,0,0,0,0.0,0.0,0.0,0.0,1.0,1.0,42,5.0,12,4,1,0,1,0,0,0,0,0,0,0,0,0,0,1,0,0,1,0,1,0,0,0,0,0,0,0,0,0,0,0,0,1,0,0,0,0,0,0,0,0,0,0,1,0,0,1,0,0,0,0,0,0,0,0,0,0,0,0,-16827,0,0.0520444444444444,0.375
118490,45000.0,450000.0,14517.0,450000.0,0.018209,1,0,0,1,1,0,2.0,3,3,15,0,0,0,0,0,0,0.450519486048039,0.5136937663039473,0.0995,0.0,0.0,0.0,0.0,0,0,0,0,1,0,0,0,0,0,0,0,0,0,0,0,0,0,0,0,0.0,0.0,0.0,0.0,1.0,2.0,51,4.0,6,27,1,0,0,1,0,0,0,0,0,0,0,0,0,1,1,0,0,0,1,1,0,0,0,0,0,0,0,0,0,0,0,1,0,0,0,0,0,0,0,0,0,0,1,0,1,0,0,0,0,0,0,0,0,0,0,0,0,0,-24736,1,0.2276,0.375
241401,135000.0,376956.0,24219.0,333000.0,0.0196889999999999,1,1,0,1,0,0,2.0,2,2,8,0,0,0,0,0,0,0.4994223928582898,0.646329897706246,0.0826,1.0,0.0,1.0,0.0,0,1,0,0,0,0,0,0,0,0,0,0,0,0,0,0,0,0,0,0,0.0,0.0,0.0,0.0,0.0,0.0,53,27.0,8,25,0,0,0,0,0,0,0,0,0,0,1,0,0,0,0,0,0,0,1,1,0,0,0,0,0,0,0,0,0,0,0,1,0,0,0,0,0,0,1,0,0,0,0,0,0,0,0,1,0,0,0,0,0,0,0,0,0,0,-15927,1,0.0828285714285714,0.4
214810,225000.0,1024740.0,52321.5,900000.0,0.018029,1,1,1,1,1,0,2.0,3,3,9,0,0,0,0,0,0,0.456009008922649,0.2327247762679433,0.0322,0.0,0.0,0.0,0.0,0,1,0,0,0,0,0,0,0,0,0,0,0,0,0,0,0,0,0,0,0.0,0.0,0.0,0.0,1.0,3.0,31,8.0,11,1,1,0,1,1,0,0,0,0,0,0,1,0,0,0,0,0,1,0,1,1,0,0,0,0,0,0,0,0,0,1,0,0,0,0,0,0,0,0,0,0,0,0,1,0,0,0,0,0,0,0,0,0,0,0,0,0,1,0,-20594,1,0.18336,0.1818181818181818
154227,126000.0,163512.0,10579.5,135000.0,0.008575,1,1,1,1,0,0,2.0,2,2,10,0,1,1,0,1,1,0.6334908143204878,0.2940831009471255,0.0548,1.0,0.0,1.0,0.0,0,1,0,0,0,0,0,0,0,0,0,0,0,0,0,0,0,0,0,0,0.0,0.0,0.0,0.0,0.0,1.0,50,2.0,5,24,6,0,0,1,1,0,0,0,0,0,0,0,0,1,0,0,1,0,1,1,0,0,0,0,0,0,0,0,0,0,0,0,0,0,0,0,1,0,1,0,0,0,0,0,0,0,0,0,0,0,0,0,1,0,0,0,0,0,-23276,1,0.1417222222222222,0.3333333333333333
152076,243000.0,588645.0,21271.5,486000.0,0.0066709999999999,1,1,0,1,0,1,2.0,2,2,11,0,0,0,0,0,0,0.4323670459499054,0.7281412993111438,0.005,0.0,0.0,0.0,0.0,0,1,0,0,0,0,0,0,0,0,0,0,0,0,0,0,0,0,0,0,0.0,0.0,0.0,0.0,0.0,3.0,48,8.0,3,27,5,0,0,0,1,0,0,0,0,0,1,0,0,0,0,0,0,0,1,1,0,0,0,0,0,0,0,0,0,0,0,0,1,0,0,0,0,0,0,0,1,0,0,0,1,0,0,0,0,0,0,0,0,0,0,0,0,0,-12014,0,0.20544,0.5
212083,54000.0,360000.0,18508.5,360000.0,0.0228,1,1,0,1,1,0,2.0,2,2,13,0,0,0,0,0,0,0.7787768285274472,0.7922644738669378,0.0684,0.0,0.0,0.0,0.0,0,1,0,0,0,0,0,0,0,0,0,0,0,0,0,0,0,0,0,0,0.0,0.0,0.0,0.0,1.0,2.0,50,2.0,5,22,5,0,0,0,1,0,0,0,0,0,1,0,0,0,0,0,1,0,1,1,0,0,0,0,0,0,0,0,0,0,1,0,0,0,0,0,0,0,0,0,0,0,1,0,0,0,0,0,0,0,0,0,0,1,0,0,0,0,-15671,0,0.1406285714285714,0.3333333333333333
261191,180000.0,254799.0,11353.5,193500.0,0.019101,1,0,0,1,1,0,2.0,2,2,13,0,0,0,0,0,0,0.7081171272008381,0.5762088360175724,0.0718,5.0,1.0,5.0,0.0,0,0,0,0,1,0,0,0,0,0,0,0,0,0,0,0,0,0,0,0,0.0,0.0,0.0,0.0,1.0,4.0,45,4.0,0,13,8,0,1,1,0,0,0,0,0,0,0,0,0,1,1,0,0,0,1,1,0,0,0,0,0,0,0,0,0,0,0,1,0,0,0,0,0,0,1,0,0,0,0,0,1,0,0,0,0,0,0,0,0,0,0,0,0,0,-14951,0,0.15784,0.0
424823,180000.0,407520.0,32197.5,360000.0,0.035792,1,0,0,1,0,0,2.0,2,2,11,0,0,0,0,0,0,0.4400680823112295,0.3979463219016906,0.0684,0.0,0.0,0.0,0.0,0,1,0,0,0,0,0,0,0,0,0,0,0,0,0,0,0,0,0,0,0.0,0.0,0.0,0.0,1.0,1.0,61,4.0,14,2,1,0,0,0,0,0,0,0,0,0,0,0,0,1,1,0,0,0,0,1,0,0,0,0,0,0,0,0,0,0,0,1,0,0,0,0,0,0,0,0,0,1,0,0,1,0,0,0,0,0,0,0,0,0,0,0,0,0,-10498,0,0.2484,0.5
169788,67500.0,225000.0,23184.0,225000.0,0.026392,1,0,0,1,0,0,2.0,2,2,12,0,0,0,0,0,0,0.6706388088669245,0.5460231970049609,0.1252,5.0,1.0,5.0,0.0,0,1,0,0,0,0,0,0,0,0,0,0,0,0,0,0,0,0,0,0,0.0,0.0,0.0,0.0,0.0,1.0,66,4.0,13,14,5,0,0,0,1,0,0,0,0,0,0,0,0,1,1,0,0,1,0,1,0,0,0,0,0,0,0,0,0,0,0,1,0,0,0,0,0,1,0,0,0,0,0,0,1,0,0,0,0,0,0,0,0,0,0,0,0,0,-10883,1,0.155,1.0
411095,135000.0,225000.0,23053.5,225000.0,0.04622,1,1,1,1,1,0,3.0,1,1,14,0,0,0,0,1,1,0.7133903553525628,0.5460231970049609,0.0794,0.0,0.0,0.0,0.0,0,1,0,0,0,0,0,0,0,0,0,0,0,0,0,0,0,0,0,0,0.0,0.0,0.0,0.0,0.0,1.0,49,1.0,4,19,2,0,1,1,0,1,0,0,0,0,0,0,0,1,0,0,1,0,1,1,0,0,0,0,0,0,0,0,0,0,0,0,0,0,0,0,1,0,0,0,1,0,0,0,0,0,0,0,0,0,0,0,1,0,0,0,0,0,-14333,0,0.12416,0.25
128132,270000.0,195543.0,13198.5,148500.0,0.009334,1,1,0,1,0,0,2.0,2,2,15,0,0,0,0,0,0,0.6171179329799528,0.501075160239048,0.2133,2.0,0.0,2.0,0.0,0,1,0,0,0,0,0,0,0,0,0,0,0,0,0,0,0,0,0,0,0.0,0.0,0.0,0.0,0.0,0.0,54,1.0,8,19,4,0,1,0,1,0,0,0,0,0,0,0,0,1,0,0,0,0,0,1,0,0,0,0,0,0,0,0,0,0,0,1,0,0,0,0,0,0,0,0,0,0,1,0,0,1,0,0,0,0,0,0,0,0,0,0,0,0,-22952,1,0.2266363636363636,0.625
115440,247500.0,450000.0,41274.0,450000.0,0.0038179999999999,1,1,0,1,0,0,1.0,2,2,12,0,0,0,0,0,0,0.5062174233376764,0.3962195720630885,0.0684,0.0,0.0,0.0,0.0,0,0,0,0,0,0,1,0,0,0,0,0,0,0,0,0,0,0,0,0,0.0,0.0,0.0,0.0,1.0,3.0,28,3.0,4,1,2,0,1,0,0,0,0,0,0,0,0,0,0,1,0,0,1,0,1,0,0,1,0,0,1,0,0,1,0,0,0,0,0,0,0,0,0,0,0,1,0,0,0,0,0,0,0,0,0,0,0,0,0,1,0,0,0,0,-8097,0,0.0416666666666666,0.375
451208,157500.0,439074.0,23949.0,328500.0,0.030755,1,0,0,1,0,0,3.0,2,2,11,0,0,0,0,0,0,0.6204656606537083,0.6879328378491735,0.0684,0.0,0.0,0.0,0.0,0,0,0,0,0,0,1,0,0,0,0,0,0,0,0,0,0,0,0,0,0.0,0.0,0.0,0.0,0.0,2.0,44,4.0,12,18,6,0,1,1,1,1,0,0,0,0,0,0,0,1,1,0,0,0,1,1,0,0,0,0,0,0,0,0,0,0,0,1,0,0,0,0,0,0,0,0,0,1,0,0,1,0,0,0,0,0,0,0,0,0,0,0,0,0,-10238,0,0.140525,1.0
411052,202500.0,854896.5,43780.5,702000.0,0.031329,1,1,0,1,0,0,4.0,2,2,8,0,0,0,0,0,0,0.3073012278773857,0.6246146584503397,0.0684,0.0,0.0,0.0,0.0,0,1,0,0,0,0,0,0,0,0,0,0,0,0,0,0,0,0,0,0,0.0,0.0,0.0,0.0,1.0,2.0,30,10.0,10,1,0,0,1,1,0,0,1,0,0,0,0,0,0,1,0,0,1,0,1,1,0,0,0,0,0,1,0,0,0,0,0,1,0,0,0,0,0,0,0,0,0,1,0,0,0,0,0,1,0,0,0,0,0,0,0,0,0,0,-11050,1,0.10076,1.0
431449,67500.0,431280.0,22149.0,360000.0,0.030755,1,0,0,1,0,0,2.0,2,2,10,0,0,0,0,0,0,0.0348908599027696,0.4170996682522097,0.0684,0.0,0.0,0.0,0.0,0,0,0,0,1,0,0,0,0,0,0,0,0,0,0,0,0,0,0,0,0.0,0.0,0.0,0.0,0.0,4.0,53,4.0,8,13,2,0,0,0,1,0,0,0,0,0,0,0,0,0,1,0,0,0,1,0,0,0,0,0,0,0,0,0,0,0,0,1,0,0,0,0,0,0,0,0,0,0,1,0,1,0,0,0,0,0,0,0,0,0,0,0,0,0,-15307,0,0.1694,0.3333333333333333
411364,103500.0,218016.0,15993.0,180000.0,0.007114,1,1,1,1,1,0,2.0,2,2,14,0,0,0,0,0,0,0.6503273263688648,0.4543210601605785,0.0684,0.0,0.0,0.0,0.0,0,1,0,0,0,0,0,0,0,0,0,0,0,0,0,0,0,0,0,0,0.0,0.0,0.0,0.0,0.0,0.0,34,10.0,9,3,7,0,0,1,1,0,0,0,0,0,0,0,0,1,0,0,1,0,0,1,0,0,0,0,0,0,0,0,0,0,0,1,0,0,0,0,0,0,1,0,0,0,0,0,0,0,0,0,0,0,1,0,0,0,0,0,0,0,-11050,1,0.2738461538461538,1.0
198704,108000.0,172021.5,20542.5,148500.0,0.035792,1,1,0,1,0,0,3.0,2,2,11,0,0,0,0,0,0,0.0347813087116795,0.3092753558842053,0.0684,9.0,2.0,9.0,2.0,0,1,0,0,0,0,0,0,0,0,0,0,0,0,0,0,0,0,0,0,0.0,0.0,0.0,0.0,0.0,0.0,42,3.0,11,24,5,0,1,1,0,1,0,0,0,0,0,0,0,1,0,0,0,0,1,1,0,0,0,0,0,1,0,0,0,0,0,1,0,0,0,0,0,0,0,1,0,0,0,0,0,0,0,0,0,0,0,1,0,0,0,0,0,0,-11758,1,0.4092666666666666,0.3333333333333333
362982,90000.0,78192.0,8140.5,67500.0,0.01885,1,1,0,1,0,0,1.0,2,2,12,0,0,0,0,0,0,0.4680096340981782,0.8327850252992314,0.0396,1.0,0.0,1.0,0.0,0,1,0,0,0,0,0,0,0,0,0,0,0,0,0,0,0,0,0,0,0.0,0.0,0.0,0.0,1.0,1.0,52,7.0,7,29,0,0,0,1,1,0,0,0,0,0,0,1,0,0,0,0,1,0,1,0,1,0,0,0,0,0,0,0,0,0,0,0,1,0,0,0,0,0,1,0,0,0,0,0,0,0,0,0,0,0,0,0,0,1,0,0,0,0,-17798,0,0.1458857142857142,0.2352941176470588
165090,112500.0,360000.0,23134.5,360000.0,0.019101,1,1,1,1,1,0,3.0,2,2,15,0,0,0,0,0,0,0.5014451399469902,0.6479768603302221,0.0684,0.0,0.0,0.0,0.0,0,1,0,0,0,0,0,0,0,0,0,0,0,0,0,0,0,0,0,0,0.0,0.0,0.0,0.0,3.0,5.0,42,0.0,13,18,4,0,1,1,1,1,0,0,0,0,0,0,0,1,0,0,1,0,1,1,0,0,0,0,0,0,0,0,0,0,0,1,0,0,0,0,0,1,0,0,0,0,0,0,0,0,0,0,0,0,0,0,0,1,0,0,0,0,-10790,1,0.1383,0.8
308465,135000.0,296280.0,23539.5,225000.0,0.020713,1,0,0,1,0,0,2.0,3,2,9,0,0,0,0,0,0,0.3955692706446709,0.5814837058057234,0.3516,1.0,0.0,1.0,0.0,0,1,0,0,0,0,0,0,0,0,0,0,0,0,0,0,0,0,0,0,0.0,0.0,0.0,0.0,0.0,0.0,66,4.0,11,4,0,0,0,0,1,0,0,0,0,0,0,0,0,1,1,0,0,0,1,0,0,0,0,0,0,0,0,0,0,0,0,1,0,0,0,0,0,0,0,0,1,0,0,0,1,0,0,0,0,0,0,0,0,0,0,0,0,0,-13875,1,0.2904,0.4285714285714285
301943,135000.0,450000.0,47254.5,450000.0,0.072508,1,0,0,1,1,0,1.0,1,1,11,0,0,0,0,0,0,0.7299588829575898,0.5460231970049609,0.2968,0.0,0.0,0.0,0.0,0,0,0,0,1,0,0,0,0,0,0,0,0,0,0,0,0,0,0,0,0.0,0.0,0.0,0.0,1.0,6.0,68,4.0,13,15,3,0,0,0,0,0,0,0,0,0,0,0,0,1,1,0,0,0,1,0,0,0,1,0,0,0,0,0,0,0,0,1,0,0,0,0,0,0,0,0,1,0,0,0,1,0,0,0,0,0,0,0,0,0,0,0,0,0,-10855,0,0.3041,0.0
331716,31500.0,147024.0,5409.0,90000.0,0.010556,1,0,0,1,1,0,2.0,3,3,16,0,0,0,0,0,0,0.3270501951645654,0.5673792367572691,0.0684,0.0,0.0,0.0,0.0,0,1,0,0,0,0,0,0,0,0,0,0,0,0,0,0,0,0,0,0,0.0,0.0,0.0,0.0,1.0,1.0,64,4.0,10,10,2,0,0,1,0,0,0,0,0,0,0,0,0,1,1,0,0,0,1,1,0,0,0,0,0,0,0,0,0,0,0,1,0,0,0,0,0,0,0,0,0,1,0,0,1,0,0,0,0,0,0,0,0,0,0,0,0,0,-21604,1,0.1269714285714285,0.0
420210,157500.0,781920.0,39924.0,675000.0,0.018029,1,1,0,1,0,0,2.0,3,3,11,0,0,0,0,0,0,0.6262670918119864,0.7421816117614419,0.0632,0.0,0.0,0.0,0.0,0,1,0,0,0,0,0,0,0,0,0,0,0,0,0,0,0,0,0,0,0.0,0.0,0.0,0.0,2.0,0.0,49,5.0,4,25,5,0,1,1,1,0,0,0,0,0,0,0,0,1,0,0,1,0,1,1,0,0,0,0,0,0,0,0,0,1,0,0,0,0,0,0,0,0,0,0,0,1,0,0,1,0,0,0,0,0,0,0,0,0,0,0,0,0,-11816,1,0.1358,0.2
281954,261000.0,630000.0,32166.0,630000.0,0.028663,1,1,0,1,0,0,2.0,2,2,14,0,0,0,0,0,0,0.3684289016761394,0.6894791426446275,0.0684,0.0,0.0,0.0,0.0,0,1,0,0,0,0,0,0,0,0,0,0,0,0,0,0,0,0,0,0,0.0,0.0,0.0,0.0,0.0,2.0,44,19.0,12,23,5,0,1,1,0,0,0,0,0,0,0,0,0,1,0,0,1,0,0,1,0,0,0,0,0,0,0,0,1,0,0,0,0,0,0,0,0,0,0,0,0,1,0,0,0,1,0,0,0,0,0,0,0,0,0,0,0,0,-19058,1,0.319125,0.0
213675,450000.0,498384.0,48681.0,459000.0,0.01885,1,1,0,1,0,0,3.0,2,2,12,0,0,0,0,0,0,0.6591802239547134,0.5620604831738043,0.0714,0.0,0.0,0.0,0.0,0,1,0,0,0,0,0,0,0,0,0,0,0,0,0,0,0,0,0,0,0.0,0.0,0.0,0.0,0.0,0.0,41,1.0,15,2,10,0,1,1,0,1,0,0,0,0,0,0,0,1,0,0,0,0,1,1,0,0,0,0,0,0,0,0,0,0,0,0,1,0,0,0,0,0,0,0,0,1,0,0,0,0,0,0,0,0,0,0,0,0,0,1,0,0,-12156,1,0.1412,0.3333333333333333
326618,90000.0,616500.0,33574.5,616500.0,0.018209,1,1,0,1,0,0,2.0,3,3,10,0,0,0,0,0,0,0.5497007686861343,0.4206109640437848,0.0985,3.0,0.0,3.0,0.0,0,1,0,0,0,0,0,0,0,0,0,0,0,0,0,0,0,0,0,0,0.0,0.0,0.0,0.0,1.0,1.0,45,4.0,0,9,0,0,0,0,1,0,0,0,0,0,0,0,0,1,0,0,0,0,1,1,0,0,0,0,0,0,0,0,0,0,0,0,0,0,0,1,0,1,0,0,0,0,0,0,1,0,0,0,0,0,0,0,0,0,0,0,0,0,-16917,0,0.1225777777777777,0.2857142857142857
261846,90000.0,144000.0,9202.5,144000.0,0.010556,1,1,1,1,0,0,3.0,3,3,18,0,0,0,0,0,0,0.41113463280976,0.5460231970049609,0.0576,0.0,0.0,0.0,0.0,0,1,0,0,0,0,0,0,0,0,0,0,0,0,0,0,0,0,0,0,0.0,0.0,0.0,0.0,0.0,1.0,41,6.0,16,4,3,0,0,0,1,1,0,0,0,0,1,0,0,0,0,0,0,0,1,0,0,0,0,0,0,0,0,0,0,0,0,1,0,0,0,0,0,1,0,0,0,0,0,0,1,0,0,0,0,0,0,0,0,0,0,0,0,0,-8721,0,0.07958,0.0
380022,292500.0,848745.0,46174.5,675000.0,0.006629,1,1,0,1,0,0,2.0,2,2,10,0,0,0,0,0,0,0.7409011174605833,0.4974688893052743,0.0474,0.0,0.0,0.0,0.0,0,1,0,0,0,0,0,0,0,0,0,0,0,0,0,0,0,0,0,0,0.0,0.0,0.0,0.0,0.0,2.0,48,11.0,3,1,2,0,0,1,1,0,0,0,0,0,0,0,0,1,0,1,0,0,0,1,0,0,0,0,0,0,0,0,1,0,0,0,0,0,0,0,0,0,0,0,1,0,0,0,0,0,0,0,1,0,0,0,0,0,0,0,0,0,-8684,1,0.2049,1.0
287137,108000.0,225000.0,23184.0,225000.0,0.028663,1,0,0,1,0,0,2.0,2,2,10,0,0,0,0,0,0,0.5306490940638976,0.6577838002083306,0.0684,0.0,0.0,0.0,0.0,0,1,0,0,0,0,0,0,0,0,0,0,0,0,0,0,0,0,0,0,0.0,0.0,0.0,0.0,1.0,0.0,59,4.0,12,24,0,0,0,0,1,0,0,0,0,0,0,0,0,1,1,0,0,0,1,1,0,0,0,0,0,0,0,0,0,0,0,1,0,0,0,0,0,0,0,0,0,0,0,0,1,0,0,0,0,0,0,0,0,0,0,0,0,0,-9901,0,0.1320545454545454,0.375
260007,135000.0,407520.0,32197.5,360000.0,0.035792,1,1,1,1,0,0,2.0,2,2,9,0,0,0,0,0,0,0.6248072457925321,0.22009464485041,0.0684,3.0,0.0,3.0,0.0,0,1,0,0,0,0,0,0,0,0,0,0,0,0,0,0,0,0,0,0,0.0,0.0,0.0,0.0,1.0,1.0,49,1.0,4,8,3,0,1,1,1,0,0,0,0,0,0,0,0,1,0,0,1,0,1,1,0,0,0,0,0,0,0,0,0,0,0,1,0,0,0,0,0,0,0,0,1,0,0,0,1,0,0,0,0,0,0,0,0,0,0,0,0,0,-11828,1,0.20595,0.3333333333333333
104175,103500.0,119893.5,14355.0,103500.0,0.018029,1,1,0,1,0,0,3.0,3,3,10,0,0,0,0,0,0,0.6411683617776793,0.5620604831738043,0.0738,0.0,0.0,0.0,0.0,0,1,0,0,0,0,0,0,0,0,0,0,0,0,0,0,0,0,0,0,0.0,0.0,0.0,0.0,1.0,0.0,41,0.0,11,12,1,0,0,0,1,1,0,0,0,0,0,0,0,1,0,0,1,0,0,0,0,0,0,0,0,0,0,0,0,0,0,1,0,0,0,0,0,0,1,0,0,0,0,0,0,0,0,1,0,0,0,0,0,0,0,0,0,0,-14335,0,0.13848,0.125
417159,99000.0,270000.0,16515.0,270000.0,0.018634,1,1,1,1,1,0,2.0,2,2,19,0,0,0,0,0,0,0.4009039762535434,0.5954562029091491,0.1739,0.0,0.0,0.0,0.0,0,1,0,0,0,0,0,0,0,0,0,0,0,0,0,0,0,0,0,0,0.0,0.0,0.0,0.0,1.0,1.0,49,2.0,4,15,1,0,0,0,0,0,0,0,0,0,0,0,0,1,0,1,0,0,0,1,0,0,0,0,0,0,0,0,1,0,0,0,0,0,0,0,0,1,0,0,0,0,0,0,0,0,0,0,0,0,1,0,0,0,0,0,0,0,-18733,1,0.2048333333333333,0.2
321648,157500.0,260640.0,31059.0,225000.0,0.0228,1,1,0,1,1,1,1.0,2,2,14,0,0,0,0,0,0,0.4802438799057183,0.3344541255096772,0.3228,1.0,0.0,1.0,0.0,0,1,0,0,0,0,0,0,0,0,0,0,0,0,0,0,0,0,0,0,0.0,0.0,0.0,0.0,0.0,2.0,44,5.0,12,26,0,0,0,1,1,0,0,0,0,0,0,0,0,1,0,0,0,0,1,0,0,1,0,0,0,0,0,0,0,0,0,1,0,0,0,0,0,0,0,0,0,1,0,0,0,0,0,0,0,1,0,0,0,0,0,0,0,0,-19482,1,0.1663478260869565,0.4
140117,112500.0,351792.0,14647.5,252000.0,0.0096569999999999,1,1,0,1,0,0,2.0,2,2,13,0,1,1,0,1,1,0.4079882625306479,0.5460231970049609,0.0684,1.0,0.0,1.0,0.0,0,0,0,0,0,0,0,0,0,0,0,0,0,0,0,0,0,0,0,0,0.0,0.0,0.0,0.0,0.0,1.0,46,0.0,1,26,0,0,0,0,1,0,0,0,0,0,0,0,0,1,0,0,1,0,1,1,0,0,0,0,0,0,0,0,0,0,0,0,0,0,0,1,0,0,0,0,0,0,0,0,1,0,0,0,0,0,0,0,0,0,0,0,0,0,-21209,1,0.0755,0.6153846153846154
134008,157500.0,495882.0,39307.5,405000.0,0.030755,1,1,0,1,1,1,2.0,2,2,14,0,0,0,0,0,0,0.6394912864535891,0.5779691187553125,0.0684,0.0,0.0,0.0,0.0,0,1,0,0,0,0,0,0,0,0,0,0,0,0,0,0,0,0,0,0,0.0,0.0,0.0,0.0,0.0,1.0,55,16.0,10,12,3,0,0,0,1,0,0,0,0,0,0,0,0,1,0,1,0,0,1,1,0,0,0,0,0,0,0,0,0,0,0,0,1,0,0,0,0,0,0,0,0,0,1,0,0,0,0,0,0,0,1,0,0,0,0,0,0,0,-9673,1,0.1581666666666666,0.375
451247,315000.0,376956.0,24219.0,333000.0,0.020713,1,1,0,1,0,0,1.0,3,2,8,0,0,0,0,0,0,0.1664560122240343,0.7517237147741489,0.0567,0.0,0.0,0.0,0.0,0,1,0,0,0,0,0,0,0,0,0,0,0,0,0,0,0,0,0,0,0.0,0.0,0.0,0.0,0.0,1.0,38,6.0,12,12,0,0,0,1,1,0,0,0,0,0,0,0,0,1,0,0,0,1,0,0,0,1,0,0,0,0,0,0,0,0,0,1,0,0,0,0,0,1,0,0,0,0,0,0,1,0,0,0,0,0,0,0,0,0,0,0,0,0,-13283,1,0.2583777777777777,0.375
162794,427500.0,1030680.0,65997.0,900000.0,0.072508,1,1,0,1,0,0,2.0,1,1,16,0,0,0,0,0,0,0.5485908830604098,0.5460231970049609,0.186,0.0,0.0,0.0,0.0,0,1,0,0,0,0,0,0,0,0,0,0,0,0,0,0,0,0,0,0,0.0,0.0,0.0,0.0,0.0,1.0,43,3.0,14,15,1,0,1,1,0,0,0,0,0,0,0,0,0,1,0,0,1,1,0,1,0,0,0,0,0,0,0,0,0,1,0,0,0,0,0,0,0,0,0,0,0,0,0,0,0,0,0,0,0,0,0,0,0,0,0,1,0,0,-15380,0,0.1631,0.5
335964,315000.0,2156400.0,67063.5,1800000.0,0.0038179999999999,1,1,0,1,0,0,3.0,2,2,6,0,0,0,1,1,0,0.5599679604237061,0.7981372313187245,0.009,3.0,0.0,3.0,0.0,0,1,0,0,0,0,0,0,0,0,0,0,0,0,0,0,0,0,0,0,0.0,0.0,0.0,0.0,1.0,0.0,31,5.0,10,8,3,0,1,0,1,1,0,0,0,0,0,0,0,1,0,1,0,0,1,1,0,0,0,0,0,0,0,0,1,0,0,0,0,0,0,0,0,0,0,0,0,1,0,0,0,0,0,0,0,1,0,0,0,0,0,0,0,0,-13438,1,0.0634074074074074,0.1818181818181818
310329,58500.0,364356.0,16177.5,261000.0,0.019101,1,1,0,1,1,0,4.0,2,2,14,0,0,0,0,0,0,0.6193269485514146,0.375711009574066,0.0684,2.0,0.0,2.0,0.0,0,1,0,0,0,0,0,0,0,0,0,0,0,0,0,0,0,0,0,0,0.0,0.0,0.0,0.0,0.0,1.0,33,8.0,10,4,1,0,0,0,1,0,1,0,0,0,0,0,0,1,0,0,1,0,1,1,0,0,0,0,0,0,0,0,1,0,0,0,0,0,0,0,0,1,0,0,0,0,0,0,0,0,0,0,1,0,0,0,0,0,0,0,0,0,-16161,1,0.1539,0.2222222222222222
217976,225000.0,270000.0,14778.0,270000.0,0.015221,1,1,0,1,1,0,2.0,2,2,16,0,0,0,0,1,1,0.6066229205460056,0.6109913280868294,0.0684,0.0,0.0,0.0,0.0,0,1,0,0,0,0,0,0,0,0,0,0,0,0,0,0,0,0,0,0,0.0,0.0,0.0,0.0,0.0,0.0,41,4.0,4,4,6,0,1,1,1,0,0,0,0,0,0,0,0,1,0,0,1,0,1,1,0,0,0,0,0,0,0,0,0,0,0,1,0,0,0,0,0,0,0,0,0,0,1,0,0,0,0,0,0,0,0,0,0,0,0,0,1,0,-10251,0,0.1237407407407407,0.5
157565,135000.0,451102.5,23161.5,337500.0,0.01885,1,1,0,1,0,1,4.0,2,2,10,0,0,0,0,0,0,0.6789928436531025,0.2866524828090694,0.0449,0.0,0.0,0.0,0.0,0,1,0,0,0,0,0,0,0,0,0,0,0,0,0,0,0,0,0,0,0.0,0.0,0.0,0.0,0.0,3.0,42,4.0,10,16,2,0,0,0,1,0,1,0,0,0,0,0,0,1,0,0,1,0,1,1,0,0,0,0,0,0,0,0,0,0,0,0,0,1,0,0,0,1,0,0,0,0,0,0,0,0,0,0,1,0,0,0,0,0,0,0,0,0,-13158,1,0.0928,0.5
305214,180000.0,407520.0,32328.0,360000.0,0.003069,1,1,0,1,0,0,2.0,3,3,11,0,0,0,0,1,1,0.4393623299988104,0.1556893746835917,0.0684,3.0,0.0,2.0,0.0,0,1,0,0,0,0,0,0,0,0,0,0,0,0,0,0,0,0,0,0,0.0,0.0,0.0,0.0,0.0,3.0,51,7.0,6,16,3,0,1,1,1,0,0,0,0,0,1,0,0,0,0,0,1,0,1,1,0,0,0,0,0,0,0,0,1,0,0,0,0,0,0,0,0,0,0,0,1,0,0,0,0,0,0,0,0,0,0,0,0,0,0,0,0,0,-18504,0,0.0884222222222222,0.375
210018,162000.0,450000.0,21649.5,450000.0,0.04622,1,1,0,1,1,0,2.0,1,1,13,0,0,0,0,1,1,0.6754412377192126,0.2512394458905693,0.182,0.0,0.0,0.0,0.0,0,1,0,0,0,0,0,0,0,0,0,0,0,0,0,0,0,0,0,0,0.0,0.0,0.0,0.0,1.0,1.0,40,1.0,4,2,5,0,0,0,1,0,0,0,0,0,0,0,0,1,0,0,0,0,1,1,0,0,0,0,0,0,0,0,0,0,0,0,1,0,0,0,0,0,1,0,0,0,0,0,1,0,0,0,0,0,0,0,0,0,0,0,0,0,-12253,0,0.1364,0.3333333333333333
181665,292500.0,790830.0,57676.5,675000.0,0.020713,1,1,0,1,0,0,1.0,3,1,7,0,0,0,0,0,0,0.4339187290167497,0.5460231970049609,0.0424,6.0,0.0,6.0,0.0,0,0,0,0,0,0,1,0,0,0,0,0,0,0,0,0,0,0,0,0,0.0,0.0,0.0,0.0,1.0,2.0,37,0.0,6,1,0,0,1,1,0,0,0,0,0,0,0,0,1,0,0,0,1,0,1,0,1,0,0,0,1,0,0,0,0,0,0,1,0,0,0,0,0,0,0,0,0,1,0,0,0,0,0,1,0,0,0,0,0,0,0,0,0,0,-11794,0,0.16275,0.375
323710,202500.0,270000.0,26703.0,270000.0,0.0038179999999999,1,1,1,1,0,1,3.0,2,2,13,1,1,0,1,1,0,0.5626925824280454,0.5262949398096192,0.0322,2.0,0.0,2.0,0.0,0,1,0,0,0,0,0,0,0,0,0,0,0,0,0,0,0,0,0,0,0.0,0.0,0.0,0.0,1.0,2.0,30,1.0,10,4,2,0,0,0,0,1,0,0,0,0,0,0,0,1,0,0,1,0,0,0,0,0,0,0,1,0,0,0,0,0,0,0,1,0,0,0,0,0,1,0,0,0,0,0,1,0,0,0,0,0,0,0,0,0,0,0,0,0,-11354,1,0.202225,0.375
395595,270000.0,417708.0,26824.5,369000.0,0.016612,1,0,0,1,0,1,2.0,2,2,16,0,0,0,0,0,0,0.6512963851447869,0.5638350489514956,0.0111,0.0,0.0,0.0,0.0,0,1,0,0,0,0,0,0,0,0,0,0,0,0,0,0,0,0,0,0,0.0,0.0,0.0,0.0,1.0,1.0,42,4.0,11,19,2,0,1,1,0,0,0,0,0,0,0,0,0,1,1,0,0,0,0,1,0,0,0,0,0,0,0,0,0,0,0,1,0,0,0,0,0,0,0,0,1,0,0,0,1,0,0,0,0,0,0,0,0,0,0,0,0,1,-14716,1,0.22772,0.5
319949,135000.0,332946.0,16146.0,238500.0,0.022625,1,0,0,1,0,0,2.0,2,2,11,0,0,0,0,0,0,0.562434279944182,0.5460231970049609,0.0684,0.0,0.0,0.0,0.0,0,1,0,0,0,0,0,0,0,0,0,0,0,0,0,0,0,0,0,0,0.0,0.0,0.0,0.0,0.0,1.0,58,4.0,9,25,6,0,0,1,0,0,0,0,0,0,1,0,0,0,1,0,0,0,1,1,0,0,0,0,0,0,0,0,0,0,0,1,0,0,0,0,0,0,0,0,0,1,0,0,1,0,0,0,0,0,0,0,0,0,0,0,0,0,-24338,1,0.1623478260869565,0.2
238278,720000.0,499221.0,25618.5,373500.0,0.072508,1,1,0,1,1,0,4.0,1,1,10,0,0,0,0,0,0,0.7272129824774429,0.2970866116472028,0.0684,0.0,0.0,0.0,0.0,0,0,0,0,0,0,1,0,0,0,0,0,0,0,0,0,0,0,0,0,0.0,0.0,0.0,0.0,0.0,2.0,40,2.0,15,3,5,0,1,1,1,0,1,0,0,0,0,0,0,1,0,0,0,0,0,1,0,0,0,0,0,0,0,0,0,0,0,1,0,0,0,0,0,0,0,0,1,0,0,0,1,0,0,0,0,0,0,0,0,0,0,0,0,0,-9147,1,0.4520833333333333,0.375
205744,157500.0,1053000.0,34096.5,1053000.0,0.028663,1,1,0,1,0,0,4.0,2,2,14,0,0,0,1,0,1,0.5305837372917174,0.3689687382528466,0.0661,0.0,0.0,0.0,0.0,0,1,0,0,0,0,0,0,0,0,0,0,0,0,0,0,0,0,0,0,0.0,0.0,0.0,0.0,0.0,2.0,49,0.0,2,27,3,0,1,1,1,0,1,0,0,0,0,0,0,1,0,0,1,0,0,1,0,0,0,0,0,0,0,0,1,0,0,0,0,0,0,0,0,0,0,0,0,1,0,0,0,0,0,0,0,1,0,0,0,0,0,0,0,0,-16303,1,0.10806,1.0
144645,103500.0,332946.0,16146.0,238500.0,0.031329,1,0,0,1,0,0,2.0,2,2,9,0,0,0,0,0,0,0.6493819194345076,0.5691487713619409,0.1337,0.0,0.0,0.0,0.0,0,0,0,0,1,0,0,0,0,0,0,0,0,0,0,0,0,0,0,0,0.0,0.0,0.0,0.0,1.0,5.0,59,4.0,14,36,2,0,0,0,1,0,0,0,0,0,0,0,0,1,1,0,0,0,1,1,0,0,0,0,0,0,0,0,0,0,0,1,0,0,0,0,0,0,0,0,1,0,0,0,1,0,0,0,0,0,0,0,0,0,0,0,0,0,-18646,1,0.0838,0.2222222222222222
312278,295200.0,534204.0,42961.5,495000.0,0.0038179999999999,1,0,0,1,1,0,2.0,2,2,5,0,0,0,0,0,0,0.7696920652339949,0.5620604831738043,0.0684,3.0,0.0,3.0,0.0,0,1,0,0,0,0,0,0,0,0,0,0,0,0,0,0,0,0,0,0,0.0,0.0,0.0,0.0,0.0,1.0,64,4.0,3,1,6,0,0,0,1,0,0,0,0,0,0,0,0,1,1,0,0,0,1,1,0,0,0,0,0,0,0,0,0,0,0,1,0,0,0,0,0,1,0,0,0,0,0,0,1,0,0,0,0,0,0,0,0,0,0,0,0,0,-19182,0,0.1458666666666666,0.6
398500,135000.0,130320.0,13684.5,112500.0,0.035792,1,1,1,1,0,1,2.0,2,2,18,0,0,0,0,0,0,0.549581682502451,0.0938365970374978,0.599,0.0,0.0,0.0,0.0,0,1,0,0,0,0,0,0,0,0,0,0,0,0,0,0,0,0,0,0,0.0,0.0,0.0,0.0,1.0,2.0,23,0.0,2,6,2,0,1,1,0,0,0,0,0,0,0,0,0,1,0,1,0,0,0,1,0,0,0,0,0,0,0,0,1,0,0,0,0,0,0,0,0,1,0,0,0,0,0,0,0,0,0,0,0,1,0,0,0,0,0,0,0,0,-23699,0,0.2536875,0.0
168078,292500.0,338832.0,24786.0,292500.0,0.020713,1,1,0,1,0,0,2.0,3,3,6,0,0,0,1,1,0,0.4303984842613237,0.3606125659189888,0.0684,1.0,0.0,1.0,0.0,0,1,0,0,0,0,0,0,0,0,0,0,0,0,0,0,0,0,0,0,0.0,0.0,0.0,0.0,0.0,2.0,27,3.0,2,7,1,0,0,0,1,0,0,0,0,0,0,0,0,1,0,0,0,0,1,1,0,0,0,0,0,0,0,0,0,0,0,0,0,0,0,1,0,0,0,0,0,1,0,0,0,0,0,0,0,0,0,0,0,0,0,1,0,0,-8987,0,0.2911555555555555,1.0
239801,112500.0,133659.0,10471.5,108000.0,0.01885,1,0,0,1,1,0,1.0,2,2,10,0,0,0,0,0,0,0.2349558773983847,0.3656165070113335,0.0301,0.0,0.0,0.0,0.0,0,1,0,0,0,0,0,0,0,0,0,0,0,0,0,0,0,0,0,0,0.0,0.0,0.0,0.0,0.0,7.0,65,4.0,12,11,4,0,0,0,1,0,0,0,0,0,0,0,0,1,1,0,0,0,1,0,0,0,1,0,0,0,0,0,0,0,0,1,0,0,0,0,0,0,0,0,0,0,0,0,1,0,0,0,0,0,0,0,0,0,0,0,0,0,-12437,1,0.1986888888888889,0.0
